발생년,발생년월일시,주야,요일,사망자수,부상자수,중상자수,경상자수,부상신고자수,발생지시도,발생지시군구,사고유형_대분류,사고유형_중분류,사고유형,가해자법규위반,도로형태_대분류,도로형태,가해자_당사자종별,피해자_당사자종별,발생위치X_UTMK,발생위치Y_UTMK,경도,위도
2022,2022-04-06 20:00,야,수,1,0,0,0,0,대전,서구,차대사람,횡단중,횡단중,보행자 보호의무 위반,교차로,교차로횡단보도내,승합차,보행자,990571,1817101,127.3949137,36.35127288
2022,2022-04-07 0:00,야,목,1,0,0,0,0,전남,여수시,차량단독,공작물충돌,공작물충돌,안전운전 의무 불이행,단일로,기타단일로,이륜차,없음,1021038,1642180,127.7299184,34.77390941
2022,2022-04-07 1:00,야,목,1,0,0,0,0,서울,강남구,차대사람,기타,기타,기타,교차로,교차로내,이륜차,보행자,959356,1945637,127.04012,37.50911605
2022,2022-04-07 1:00,야,목,1,0,0,0,0,경기,이천시,차대사람,기타,기타,안전운전 의무 불이행,단일로,기타단일로,승용차,보행자,995683,1920093,127.4513024,37.27975205
2022,2022-04-07 6:00,주,목,1,0,0,0,0,충남,공주시,차대차,측면충돌,측면충돌,신호위반,교차로,교차로내,이륜차,승용차,956968,1826980,127.0198677,36.43941619
2022,2022-04-07 7:00,주,목,1,1,0,1,0,충북,충주시,차대차,정면충돌,정면충돌,안전운전 의무 불이행,교차로,교차로내,승용차,이륜차,1038482,1885101,127.9322909,36.96354874
2022,2022-04-07 15:00,주,목,1,4,0,4,0,강원,횡성군,차대차,정면충돌,정면충돌,중앙선 침범,단일로,기타단일로,승용차,승용차,1047622,1947520,128.038954,37.52575421
2022,2022-04-07 17:00,주,목,1,1,1,0,0,대구,달서구,차대차,측면충돌,측면충돌,신호위반,교차로,교차로내,승용차,이륜차,1089574,1762140,128.4919878,35.8517074
2022,2022-04-07 18:00,야,목,1,0,0,0,0,부산,중구,차대차,측면충돌,측면충돌,신호위반,교차로,교차로내,승합차,이륜차,1139066,1679083,129.02573,35.09729923
2022,2022-04-07 21:00,야,목,2,0,0,0,0,경북,경주시,차량단독,전도,전도,안전운전 의무 불이행,교차로,교차로내,승용차,없음,1175593,1756862,129.4430745,35.79251079
2022,2022-04-07 21:00,야,목,1,7,4,3,0,세종,세종시,차대차,측면충돌,측면충돌,기타,교차로,교차로부근,승용차,승용차,980587,1832059,127.2832681,36.48597329
2022,2022-04-07 22:00,야,목,1,0,0,0,0,전남,목포시,차대차,정면충돌,정면충돌,신호위반,교차로,교차로부근,이륜차,승용차,900218,1646273,126.4091082,34.80614632
2022,2022-04-08 3:00,야,금,1,0,0,0,0,전북,김제시,차대사람,보도통행중,보도통행중,안전운전 의무 불이행,단일로,기타단일로,화물차,보행자,952976,1754724,126.9796436,35.78781224
2022,2022-04-08 3:00,야,금,1,1,0,1,0,경북,포항시,차대차,추돌,추돌,안전운전 의무 불이행,단일로,기타단일로,화물차,화물차,1149060,1787416,129.1553172,36.07225812
2022,2022-04-08 4:00,야,금,1,0,0,0,0,경기,남양주시,차대사람,기타,기타,안전운전 의무 불이행,단일로,기타단일로,화물차,보행자,972401,1968514,127.1868561,37.71579711
2022,2022-04-08 8:00,주,금,1,1,0,1,0,경기,화성시,차대차,정면충돌,정면충돌,중앙선 침범,단일로,기타단일로,승용차,화물차,942595,1894766,126.8544098,37.04970344
2022,2022-04-08 9:00,주,금,1,0,0,0,0,전남,신안군,차대사람,기타,기타,안전운전 의무 불이행,단일로,기타단일로,승용차,보행자,883757,1674612,126.2252338,35.0598851
2022,2022-04-08 10:00,주,금,1,0,0,0,0,전북,익산시,차대차,측면충돌,측면충돌,안전운전 의무 불이행,교차로,교차로내,승용차,자전거,951338,1787106,126.959535,36.079677
2022,2022-04-08 14:00,주,금,1,0,0,0,0,경남,의령군,차대차,측면충돌,측면충돌,안전운전 의무 불이행,교차로,교차로내,승용차,이륜차,1076830,1720826,128.3469261,35.48032521
2022,2022-04-08 19:00,야,금,1,0,0,0,0,경북,김천시,차대차,추돌,추돌,안전운전 의무 불이행,단일로,기타단일로,승용차,이륜차,1055488,1795702,128.1168802,36.15680618
2022,2022-04-08 20:00,야,금,1,0,0,0,0,경기,안양시,차대차,추돌,추돌,안전운전 의무 불이행,단일로,기타단일로,자전거,자전거,950565,1931999,126.9415697,37.3857633
2022,2022-04-09 1:00,야,토,1,0,0,0,0,경기,부천시,차대차,측면충돌,측면충돌,신호위반,교차로,교차로내,승용차,이륜차,934514,1945771,126.7590424,37.50889509
2022,2022-04-09 7:00,주,토,1,0,0,0,0,경남,창원시(통합),차대사람,길가장자리구역통행중,길가장자리구역통행중,안전운전 의무 불이행,단일로,기타단일로,승용차,보행자,1097263,1682377,128.5675715,35.13190097
2022,2022-04-09 8:00,주,토,1,0,0,0,0,대전,중구,차량단독,전복,전복,안전운전 의무 불이행,단일로,고가도로위,승용차,없음,991718,1816194,127.4077067,36.34310646
2022,2022-04-09 16:00,주,토,1,0,0,0,0,충남,천안시,차대사람,기타,기타,안전운전 의무 불이행,교차로,교차로횡단보도내,화물차,보행자,966828,1867823,127.1281144,36.8079999
2022,2022-04-09 19:00,야,토,1,0,0,0,0,전남,신안군,차량단독,공작물충돌,공작물충돌,안전운전 의무 불이행,단일로,기타단일로,화물차,없음,880173,1672339,126.1862675,35.03897466
2022,2022-04-10 3:00,야,일,1,0,0,0,0,서울,은평구,차량단독,전도,전도,안전운전 의무 불이행,단일로,기타단일로,이륜차,없음,948810,1958819,126.9198781,37.62740191
2022,2022-04-10 6:00,주,일,1,0,0,0,0,부산,금정구,차대차,기타,기타,안전운전 의무 불이행,교차로,교차로부근,자전거,승용차,1147368,1693463,129.1193497,35.22573451
2022,2022-04-10 11:00,주,일,1,0,0,0,0,서울,송파구,차대사람,기타,기타,신호위반,단일로,기타단일로,승용차,보행자,968665,1944398,127.1455004,37.49831145
2022,2022-04-10 12:00,주,일,1,0,0,0,0,인천,부평구,차대사람,횡단중,횡단중,안전운전 의무 불이행,단일로,기타단일로,승용차,보행자,928900,1941456,126.6959439,37.46958937
2022,2022-04-10 14:00,주,일,1,0,0,0,0,서울,강서구,차대사람,기타,기타,안전운전 의무 불이행,교차로,교차로내,승용차,보행자,941071,1949549,126.8329252,37.54338833
2022,2022-04-10 15:00,주,일,1,0,0,0,0,전북,부안군,차대차,측면충돌,측면충돌,중앙선 침범,교차로,교차로내,승용차,승용차,927558,1752022,126.6986389,35.76190662
2022,2022-04-10 17:00,주,일,1,0,0,0,0,경기,광주시,차대차,측면충돌,측면충돌,신호위반,교차로,교차로내,이륜차,승용차,978789,1934953,127.2603061,37.41346566
2022,2022-04-10 17:00,주,일,1,0,0,0,0,전북,장수군,차대사람,기타,기타,안전운전 의무 불이행,단일로,기타단일로,화물차,보행자,1007033,1748482,127.5777721,35.73263323
2022,2022-04-10 20:00,야,일,1,0,0,0,0,경남,김해시,차대사람,횡단중,횡단중,안전운전 의무 불이행,단일로,기타단일로,승용차,보행자,1114461,1701158,128.7589133,35.29940099
2022,2022-04-11 11:00,주,월,1,0,0,0,0,경기,오산시,차량단독,전도,전도,안전운전 의무 불이행,단일로,기타단일로,특수차,없음,955401,1908808,126.9975878,37.17697304
2022,2022-04-11 13:00,주,월,1,6,2,4,0,서울,서초구,차대차,기타,기타,안전운전 의무 불이행,교차로,교차로부근,승용차,승용차,957378,1944058,127.0178315,37.49479473
2022,2022-04-12 0:00,야,화,1,0,0,0,0,서울,구로구,차량단독,공작물충돌,공작물충돌,안전운전 의무 불이행,단일로,기타단일로,이륜차,없음,945290,1943138,126.8811589,37.48586538
2022,2022-04-12 5:00,야,화,1,0,0,0,0,전북,전주시,차대사람,횡단중,횡단중,보행자 보호의무 위반,교차로,교차로횡단보도내,승용차,보행자,965068,1756636,127.1133641,35.8055555
2022,2022-04-12 7:00,주,화,1,0,0,0,0,경북,김천시,차대차,기타,기타,안전거리 미확보,단일로,기타단일로,화물차,건설기계,1049857,1781834,128.0534038,36.03208702
2022,2022-04-12 8:00,주,화,1,4,0,4,0,전남,광양시,차대차,추돌,추돌,안전운전 의무 불이행,기타,기타,특수차,승용차,1014224,1662702,127.6557991,34.95908659
2022,2022-04-12 15:00,주,화,1,0,0,0,0,전남,광양시,차량단독,전도,전도,안전운전 의무 불이행,단일로,기타단일로,사륜오토바이(ATV),없음,1013673,1683133,127.6501005,35.14332735
2022,2022-04-12 20:00,야,화,1,0,0,0,0,경기,의정부시,차대사람,차도통행중,차도통행중,안전운전 의무 불이행,단일로,기타단일로,승용차,보행자,961351,1969029,127.061456,37.72003919
2022,2022-04-12 22:00,야,화,1,0,0,0,0,부산,북구,차대사람,기타,기타,안전운전 의무 불이행,단일로,기타단일로,승용차,보행자,1136325,1690333,128.9975241,35.19908291
2022,2022-04-12 22:00,야,화,1,0,0,0,0,경북,군위군,차대차,추돌,추돌,안전운전 의무 불이행,단일로,기타단일로,승용차,사륜오토바이(ATV),1096119,1807009,128.5699203,36.25554961
2022,2022-04-13 4:00,야,수,1,1,0,1,0,광주,광산구,차대차,측면충돌,측면충돌,신호위반,교차로,교차로내,승용차,화물차,937174,1688028,126.8099523,35.18559367
2022,2022-04-13 6:00,주,수,1,0,0,0,0,경남,창원시(통합),차량단독,기타,기타,안전운전 의무 불이행,교차로,교차로내,이륜차,없음,1102475,1696803,128.626564,35.26143979
2022,2022-04-13 11:00,주,수,1,0,0,0,0,인천,부평구,차대사람,기타,기타,안전운전 의무 불이행,기타,기타,이륜차,보행자,933051,1943204,126.742724,37.48565403
2022,2022-04-13 12:00,주,수,1,2,1,1,0,전남,영암군,차대차,정면충돌,정면충돌,중앙선 침범,단일로,기타단일로,화물차,화물차,914193,1636131,126.5629077,34.71597378
2022,2022-04-13 18:00,야,수,1,0,0,0,0,부산,강서구,차량단독,공작물충돌,공작물충돌,안전운전 의무 불이행,단일로,기타단일로,화물차,없음,1132903,1691816,128.9601839,35.21290996
2022,2022-04-13 19:00,야,수,1,0,0,0,0,강원,춘천시,차대사람,횡단중,횡단중,보행자 보호의무 위반,교차로,교차로횡단보도내,승용차,보행자,1021267,1986649,127.7418327,37.87941916
2022,2022-04-13 19:00,야,수,1,0,0,0,0,대구,북구,차대사람,횡단중,횡단중,안전운전 의무 불이행,단일로,기타단일로,이륜차,보행자,1099814,1764840,128.6057108,35.87505681
2022,2022-04-13 20:00,야,수,1,0,0,0,0,충남,공주시,차대차,기타,기타,안전운전 의무 불이행,단일로,기타단일로,승용차,승용차,966337,1829312,127.1242992,36.46081398
2022,2022-04-14 8:00,주,목,1,0,0,0,0,전남,영암군,차대차,측면충돌,측면충돌,기타,교차로,교차로내,원동기장치자전거,승용차,918417,1653128,126.6073826,34.8695759
2022,2022-04-14 12:00,주,목,1,0,0,0,0,세종,세종시,차량단독,공작물충돌,공작물충돌,안전운전 의무 불이행,단일로,기타단일로,화물차,없음,976536,1833181,127.2380079,36.49599753
2022,2022-04-14 13:00,주,목,1,6,1,4,1,경기,안성시,차대차,추돌,추돌,안전운전 의무 불이행,단일로,기타단일로,화물차,화물차,974627,1888229,127.2148629,36.99219044
2022,2022-04-14 14:00,주,목,1,0,0,0,0,서울,마포구,차대사람,횡단중,횡단중,보행자 보호의무 위반,교차로,교차로횡단보도내,승용차,보행자,951188,1949108,126.9474734,37.54000494
2022,2022-04-14 14:00,주,목,1,0,0,0,0,서울,서초구,차대사람,횡단중,횡단중,보행자 보호의무 위반,교차로,교차로내,건설기계,보행자,956823,1945623,127.0114613,37.50887481
2022,2022-04-14 16:00,주,목,1,0,0,0,0,전남,순천시,차대차,정면충돌,정면충돌,안전운전 의무 불이행,교차로,교차로내,승용차,자전거,1000270,1660443,127.5029567,34.93881591
2022,2022-04-14 22:00,야,목,1,5,0,4,1,경기,고양시,차대차,측면충돌,측면충돌,신호위반,교차로,교차로내,이륜차,승합차,943865,1956670,126.8640058,37.6077443
2022,2022-04-15 5:00,야,금,1,1,1,0,0,경기,평택시,차대차,측면충돌,측면충돌,신호위반,교차로,교차로내,화물차,이륜차,959902,1893410,127.0491141,37.03837983
2022,2022-04-15 7:00,주,금,1,0,0,0,0,전북,익산시,차대사람,횡단중,횡단중,보행자 보호의무 위반,교차로,교차로내,승용차,보행자,951989,1786857,126.9667802,36.07746454
2022,2022-04-15 20:00,야,금,1,0,0,0,0,제주,제주시,차대사람,횡단중,횡단중,안전운전 의무 불이행,교차로,교차로횡단보도내,승용차,보행자,940243,1503375,126.8565114,33.52061423
2022,2022-04-16 4:00,야,토,1,0,0,0,0,부산,해운대구,차대사람,횡단중,횡단중,안전운전 의무 불이행,단일로,기타단일로,승용차,보행자,1151958,1686992,129.1685746,35.16672424
2022,2022-04-16 6:00,주,토,1,2,2,0,0,서울,영등포구,차대차,기타,기타,중앙선 침범,단일로,기타단일로,건설기계,화물차,945506,1950425,126.8830615,37.55155672
2022,2022-04-16 9:00,주,토,1,0,0,0,0,경기,남양주시,차량단독,기타,기타,안전운전 의무 불이행,단일로,기타단일로,자전거,없음,971083,1954065,127.1724744,37.58552344
2022,2022-04-16 23:00,야,토,1,0,0,0,0,경북,구미시,차대차,추돌,추돌,안전운전 의무 불이행,교차로,교차로내,화물차,화물차,1077970,1791353,128.3663676,36.11605294
2022,2022-04-17 0:00,야,일,1,0,0,0,0,제주,제주시,차대차,측면충돌,측면충돌,신호위반,교차로,교차로내,승용차,개인형이동장치(PM),913043,1502577,126.5637167,33.51154976
2022,2022-04-17 4:00,야,일,1,0,0,0,0,경남,창원시(통합),차대사람,횡단중,횡단중,기타,교차로,교차로횡단보도내,승용차,보행자,1105490,1686608,128.6583969,35.16921599
2022,2022-04-17 5:00,야,일,1,0,0,0,0,대구,달성군,차대차,기타,기타,기타,교차로,교차로부근,승용차,승용차,1085237,1744414,128.4420769,35.69229331
2022,2022-04-17 9:00,주,일,1,0,0,0,0,충남,보령시,차대차,측면충돌,측면충돌,중앙선 침범,단일로,기타단일로,이륜차,승용차,920023,1817536,126.6086588,36.35191627
2022,2022-04-17 12:00,주,일,1,4,3,1,0,충남,논산시,차대차,측면충돌,측면충돌,기타,교차로,교차로내,승용차,화물차,959635,1801608,127.0509383,36.21079914
2022,2022-04-17 17:00,주,일,1,0,0,0,0,경북,경주시,차대사람,차도통행중,차도통행중,안전운전 의무 불이행,교차로,교차로부근,승용차,보행자,1162776,1755187,129.300969,35.77962414
2022,2022-04-17 19:00,야,일,1,0,0,0,0,경기,수원시,차대차,기타,기타,안전거리 미확보,기타,기타,승용차,이륜차,956515,1918400,127.0095773,37.2634856
2022,2022-04-17 19:00,야,일,1,0,0,0,0,경북,안동시,차량단독,기타,기타,안전운전 의무 불이행,단일로,기타단일로,자전거,없음,1109419,1839044,128.7224513,36.54287478
2022,2022-04-17 20:00,야,일,1,2,2,0,0,부산,강서구,차대차,추돌,추돌,안전운전 의무 불이행,단일로,기타단일로,화물차,화물차,1121854,1679295,128.8369728,35.10143951
2022,2022-04-17 22:00,야,일,1,0,0,0,0,경기,수원시,차대사람,횡단중,횡단중,기타,단일로,기타단일로,승용차,보행자,958000,1918693,127.026308,37.26619481
2022,2022-04-18 1:00,야,월,1,0,0,0,0,서울,강서구,차대사람,횡단중,횡단중,기타,기타,기타,화물차,보행자,942580,1950506,126.8499312,37.55210905
2022,2022-04-18 2:00,야,월,1,0,0,0,0,충남,천안시,차대사람,기타,기타,안전운전 의무 불이행,단일로,기타단일로,승용차,보행자,970179,1863363,127.1658559,36.76790633
2022,2022-04-18 10:00,주,월,1,0,0,0,0,전북,완주군,차대사람,횡단중,횡단중,보행자 보호의무 위반,교차로,교차로내,화물차,보행자,961799,1768852,127.0765975,35.91557202
2022,2022-04-18 13:00,주,월,1,2,2,0,0,경남,합천군,차대사람,길가장자리구역통행중,길가장자리구역통행중,신호위반,교차로,교차로부근,승용차,보행자,1056581,1739277,128.1250181,35.64804059
2022,2022-04-18 19:00,야,월,1,0,0,0,0,경남,함양군,차량단독,전도,전도,안전운전 의무 불이행,단일로,기타단일로,이륜차,없음,1017269,1739516,127.6907706,35.65166617
2022,2022-04-19 4:00,야,화,1,0,0,0,0,대전,대덕구,차대차,측면충돌,측면충돌,안전운전 의무 불이행,단일로,기타단일로,이륜차,화물차,993650,1828004,127.42914,36.4495923
2022,2022-04-19 7:00,주,화,1,0,0,0,0,전북,남원시,차량단독,도로이탈,도로이탈 추락,안전운전 의무 불이행,단일로,기타단일로,이륜차,없음,975363,1704899,127.2288866,35.3393821
2022,2022-04-19 7:00,주,화,1,0,0,0,0,경기,포천시,차대차,기타,기타,신호위반,교차로,교차로내,화물차,자전거,975938,1976240,127.2267312,37.7855327
2022,2022-04-19 9:00,주,화,1,0,0,0,0,경기,고양시,차대사람,횡단중,횡단중,안전운전 의무 불이행,교차로,교차로횡단보도내,화물차,보행자,938896,1964348,126.8070695,37.67662769
2022,2022-04-19 10:00,주,화,1,0,0,0,0,경기,의왕시,차대차,측면충돌,측면충돌,신호위반,단일로,기타단일로,건설기계,자전거,954492,1932561,126.9858938,37.39103002
2022,2022-04-19 18:00,야,화,1,0,0,0,0,부산,금정구,차대사람,기타,기타,안전운전 의무 불이행,단일로,기타단일로,승용차,보행자,1148815,1695391,129.1355931,35.24289864
2022,2022-04-19 18:00,야,화,1,1,0,1,0,전북,정읍시,차대차,측면충돌,측면충돌,신호위반,교차로,교차로부근,승용차,승용차,941361,1730672,126.8528747,35.57033819
2022,2022-04-19 21:00,야,화,1,0,0,0,0,충남,천안시,차대사람,기타,기타,기타,교차로,교차로횡단보도내,승용차,보행자,967317,1869884,127.1335078,36.82659585
2022,2022-04-20 2:00,야,수,1,1,1,0,0,경북,포항시,차대사람,횡단중,횡단중,기타,단일로,기타단일로,이륜차,보행자,1166886,1781390,129.351915,36.0150601
2022,2022-04-20 11:00,주,수,1,0,0,0,0,울산,북구,차량단독,도로이탈,도로이탈 추락,안전운전 의무 불이행,단일로,기타단일로,자전거,없음,1167777,1735913,129.3522533,35.60509193
2022,2022-04-20 14:00,주,수,1,0,0,0,0,경기,양평군,차대사람,횡단중,횡단중,안전운전 의무 불이행,교차로,교차로부근,건설기계,보행자,1008722,1943250,127.598661,37.48845445
2022,2022-04-20 23:00,야,수,1,0,0,0,0,경기,부천시,차대사람,기타,기타,안전운전 의무 불이행,단일로,기타단일로,승용차,보행자,939347,1943273,126.8139289,37.48671092
2022,2022-04-20 23:00,야,수,1,0,0,0,0,세종,세종시,차량단독,기타,기타,안전운전 의무 불이행,단일로,기타단일로,이륜차,없음,980541,1832124,127.2827529,36.48655834
2022,2022-04-21 7:00,주,목,1,0,0,0,0,경기,안산시,차대차,기타,기타,안전거리 미확보,단일로,기타단일로,화물차,자전거,935352,1922776,126.7705357,37.30169848
2022,2022-04-21 7:00,주,목,1,1,0,1,0,충북,청주시,차대차,측면충돌,측면충돌,신호위반,교차로,교차로내,승용차,건설기계,1002015,1859720,127.5225686,36.73553247
2022,2022-04-21 7:00,주,목,1,0,0,0,0,경기,남양주시,차대사람,횡단중,횡단중,보행자 보호의무 위반,교차로,교차로횡단보도내,승합차,보행자,982953,1961475,127.3067451,37.65260946
2022,2022-04-21 13:00,주,목,1,0,0,0,0,전북,무주군,차대사람,길가장자리구역통행중,길가장자리구역통행중,안전운전 의무 불이행,단일로,지하차도(도로)내,승용차,보행자,1015391,1778215,127.6707702,36.00061385
2022,2022-04-21 13:00,주,목,1,0,0,0,0,경남,산청군,차대차,추돌,추돌,안전거리 미확보,단일로,기타단일로,화물차,화물차,1029098,1694611,127.819838,35.24649654
2022,2022-04-21 21:00,야,목,1,0,0,0,0,부산,강서구,차대사람,차도통행중,차도통행중,안전운전 의무 불이행,단일로,기타단일로,화물차,보행자,1131940,1691936,128.9496258,35.2141188
2022,2022-04-22 0:00,야,금,1,0,0,0,0,인천,미추홀구,차대사람,차도통행중,차도통행중,기타,단일로,기타단일로,승용차,보행자,928112,1937999,126.6873706,37.43837105
2022,2022-04-22 1:00,야,금,1,0,0,0,0,경기,하남시,차대차,추돌,추돌,안전운전 의무 불이행,단일로,기타단일로,승합차,특수차,972352,1948511,127.1870569,37.53550181
2022,2022-04-22 10:00,주,금,1,0,0,0,0,전남,고흥군,차량단독,기타,기타,안전운전 의무 불이행,단일로,기타단일로,사륜오토바이(ATV),없음,965166,1605836,127.1208044,34.44578759
2022,2022-04-22 11:00,주,금,1,0,0,0,0,충남,서산시,차대차,측면충돌,측면충돌,신호위반,교차로,교차로내,특수차,화물차,907035,1873862,126.4571149,36.85844575
2022,2022-04-22 11:00,주,금,1,0,0,0,0,제주,제주시,차대사람,횡단중,횡단중,안전운전 의무 불이행,단일로,기타단일로,승합차,보행자,878334,1486334,126.1922702,33.36169266
2022,2022-04-22 12:00,주,금,1,0,0,0,0,전남,고흥군,차대차,측면충돌,측면충돌,기타,교차로,교차로내,화물차,농기계,981219,1641576,127.2947611,34.76850679
2022,2022-04-22 17:00,주,금,1,0,0,0,0,충북,청주시,차량단독,공작물충돌,공작물충돌,안전운전 의무 불이행,단일로,기타단일로,사륜오토바이(ATV),없음,998586,1846719,127.4841868,36.61833058
2022,2022-04-22 20:00,야,금,1,0,0,0,0,전북,익산시,차대사람,횡단중,횡단중,안전운전 의무 불이행,단일로,기타단일로,승용차,보행자,945946,1770324,126.9007974,35.92809482
2022,2022-04-22 21:00,야,금,2,1,0,1,0,경남,창원시(통합),차대차,측면충돌,측면충돌,신호위반,교차로,교차로내,이륜차,승용차,1107965,1693945,128.6865318,35.23509761
2022,2022-04-23 9:00,주,토,2,2,2,0,0,경북,경주시,차량단독,공작물충돌,공작물충돌,안전운전 의무 불이행,단일로,지하차도(도로)내,승용차,없음,1141142,1750676,129.0608995,35.74231302
2022,2022-04-23 10:00,주,토,1,0,0,0,0,대구,북구,차대사람,횡단중,횡단중,보행자 보호의무 위반,교차로,교차로횡단보도내,화물차,보행자,1099407,1765210,128.6012491,35.87843357
2022,2022-04-23 16:00,주,토,1,0,0,0,0,경기,포천시,차량단독,공작물충돌,공작물충돌,기타,단일로,기타단일로,이륜차,없음,968581,1978780,127.1430699,37.80820241
2022,2022-04-24 3:00,야,일,1,0,0,0,0,서울,노원구,차대사람,횡단중,횡단중,기타,교차로,교차로내,이륜차,보행자,960772,1964119,127.0551509,37.67576029
2022,2022-04-24 3:00,야,일,1,1,0,1,0,서울,노원구,차대차,측면충돌,측면충돌,안전운전 의무 불이행,단일로,기타단일로,승용차,승용차,961010,1960087,127.0580652,37.63942939
2022,2022-04-24 4:00,야,일,1,0,0,0,0,서울,강서구,차량단독,전도,전도,안전운전 의무 불이행,단일로,기타단일로,이륜차,없음,940098,1949669,126.8219018,37.54440716
2022,2022-04-24 4:00,야,일,1,0,0,0,0,서울,성북구,차대사람,차도통행중,차도통행중,안전운전 의무 불이행,단일로,기타단일로,승용차,보행자,961504,1956790,127.063838,37.60973366
2022,2022-04-24 10:00,주,일,1,0,0,0,0,경기,평택시,차대차,측면충돌,측면충돌,안전운전 의무 불이행,교차로,교차로부근,화물차,자전거,965723,1888092,127.1148094,36.99067297
2022,2022-04-24 12:00,주,일,1,0,0,0,0,경남,창원시(통합),차대차,기타,기타,안전운전 의무 불이행,단일로,기타단일로,화물차,자전거,1104082,1694124,128.6438881,35.23712213
2022,2022-04-24 16:00,주,일,1,0,0,0,0,울산,울주군,차량단독,공작물충돌,공작물충돌,안전운전 의무 불이행,단일로,기타단일로,이륜차,없음,1142235,1736151,129.0704155,35.61124137
2022,2022-04-24 17:00,주,일,1,0,0,0,0,경북,상주시,차량단독,공작물충돌,공작물충돌,안전운전 의무 불이행,단일로,지하차도(도로)내,이륜차,없음,1061513,1825316,128.1861919,36.42340849
2022,2022-04-24 17:00,주,일,1,0,0,0,0,인천,서구,차대차,기타,기타,안전운전 의무 불이행,단일로,기타단일로,승용차,이륜차,926442,1955300,126.6667625,37.59416828
2022,2022-04-24 19:00,야,일,1,0,0,0,0,충남,공주시,차대차,추돌,추돌,기타,단일로,기타단일로,승용차,농기계,966255,1834685,127.1231495,36.50924878
2022,2022-04-25 1:00,야,월,1,0,0,0,0,경북,구미시,차대사람,기타,기타,안전운전 의무 불이행,단일로,기타단일로,승용차,보행자,1083537,1791649,128.4282499,36.11825797
2022,2022-04-25 6:00,주,월,1,1,0,1,0,충남,홍성군,차대차,추돌,추돌,안전운전 의무 불이행,교차로,교차로내,화물차,화물차,922772,1838905,126.6371624,36.54476625
2022,2022-04-25 10:00,주,월,1,4,0,4,0,충북,충주시,차대차,추돌,추돌,안전운전 의무 불이행,단일로,기타단일로,화물차,승용차,1033386,1880695,127.8748511,36.92402625
2022,2022-04-25 13:00,주,월,1,0,0,0,0,울산,울주군,차대차,측면충돌,측면충돌,안전운전 의무 불이행,단일로,기타단일로,특수차,화물차,1159977,1714661,129.2619884,35.41485328
2022,2022-04-25 19:00,야,월,1,0,0,0,0,경남,김해시,차대사람,차도통행중,차도통행중,안전운전 의무 불이행,교차로,교차로내,이륜차,보행자,1122053,1698580,128.8420115,35.27526363
2022,2022-04-25 22:00,야,월,1,0,0,0,0,경기,고양시,차대사람,기타,기타,안전운전 의무 불이행,단일로,기타단일로,승합차,보행자,935822,1965387,126.7721208,37.68578189
2022,2022-04-25 23:00,야,월,1,0,0,0,0,울산,중구,차대사람,횡단중,횡단중,안전운전 의무 불이행,단일로,기타단일로,승용차,보행자,1166620,1731044,129.3384824,35.56140856
2022,2022-04-26 2:00,야,화,1,0,0,0,0,경북,포항시,차대사람,횡단중,횡단중,안전운전 의무 불이행,단일로,기타단일로,승용차,보행자,1171676,1776532,129.4039904,35.97045247
2022,2022-04-26 3:00,야,화,1,0,0,0,0,경북,경주시,차량단독,공작물충돌,공작물충돌,안전운전 의무 불이행,단일로,기타단일로,승용차,없음,1150256,1761301,129.1636501,35.83672064
2022,2022-04-26 5:00,야,화,1,0,0,0,0,경기,평택시,차대사람,차도통행중,차도통행중,기타,기타,기타,승용차,보행자,951866,1889453,126.9590088,37.00233367
2022,2022-04-26 16:00,주,화,1,0,0,0,0,경기,고양시,차대사람,차도통행중,차도통행중,안전운전 의무 불이행,교차로,교차로내,승용차,보행자,941254,1962429,126.8339625,37.65948619
2022,2022-04-26 22:00,야,화,1,0,0,0,0,경북,구미시,차량단독,공작물충돌,공작물충돌,중앙선 침범,교차로,교차로부근,이륜차,없음,1082953,1793752,128.4219831,36.13726574
2022,2022-04-27 0:00,야,수,1,0,0,0,0,전북,무주군,차대사람,차도통행중,차도통행중,중앙선 침범,단일로,지하차도(도로)내,승용차,보행자,1018020,1780837,127.6999997,36.02420839
2022,2022-04-27 2:00,야,수,1,1,0,1,0,대구,서구,차대사람,기타,기타,기타,단일로,기타단일로,승용차,보행자,1095354,1762816,128.5560698,35.85725582
2022,2022-04-27 3:00,야,수,1,0,0,0,0,경기,안산시,차량단독,공작물충돌,공작물충돌,안전운전 의무 불이행,단일로,기타단일로,이륜차,없음,942587,1925566,126.8519518,37.3273208
2022,2022-04-27 3:00,야,수,2,1,0,1,0,인천,미추홀구,차대차,측면충돌,측면충돌,신호위반,교차로,교차로내,이륜차,승용차,926059,1938521,126.6641132,37.44291391
2022,2022-04-27 12:00,주,수,1,0,0,0,0,경북,영덕군,차대사람,길가장자리구역통행중,길가장자리구역통행중,안전운전 의무 불이행,단일로,기타단일로,화물차,보행자,1160063,1828900,129.2859462,36.44432864