발생년,발생년월일시,주야,요일,사망자수,부상자수,중상자수,경상자수,부상신고자수,발생지시도,발생지시군구,사고유형_대분류,사고유형_중분류,사고유형,가해자법규위반,도로형태_대분류,도로형태,가해자_당사자종별,피해자_당사자종별,발생위치X_UTMK,발생위치Y_UTMK,경도,위도
2022,2022-08-15 20:00,야,월,1,0,0,0,0,전남,보성군,차량단독,도로이탈,도로이탈 추락,안전운전 의무 불이행,단일로,기타단일로,사륜오토바이(ATV),없음,972604,1641913,127.2006062,34.77135065
2022,2022-08-16 3:00,야,화,1,0,0,0,0,경남,창원시(통합),차대사람,횡단중,횡단중,안전운전 의무 불이행,단일로,기타단일로,화물차,보행자,1097791,1690223,128.574296,35.20258622
2022,2022-08-16 4:00,야,화,1,0,0,0,0,제주,제주시,차량단독,공작물충돌,공작물충돌,안전운전 의무 불이행,단일로,기타단일로,이륜차,없음,917737,1504366,126.614088,33.52805559
2022,2022-08-16 5:00,야,화,1,0,0,0,0,강원,원주시,차대사람,차도통행중,차도통행중,안전운전 의무 불이행,단일로,기타단일로,승용차,보행자,1040971,1924970,127.9624331,37.32281958
2022,2022-08-16 9:00,주,화,1,0,0,0,0,서울,종로구,차대사람,횡단중,횡단중,안전운전 의무 불이행,단일로,기타단일로,화물차,보행자,957233,1952528,127.0156978,37.57113062
2022,2022-08-16 11:00,주,화,1,1,1,0,0,대구,수성구,차대차,추돌,추돌,안전운전 의무 불이행,교차로,교차로부근,승용차,이륜차,1100850,1761687,128.6167865,35.84652812
2022,2022-08-16 13:00,주,화,1,1,0,1,0,서울,동작구,차량단독,공작물충돌,공작물충돌,안전운전 의무 불이행,단일로,기타단일로,승용차,없음,951684,1944958,126.9533606,37.5026262
2022,2022-08-16 14:00,주,화,1,0,0,0,0,부산,연제구,차대사람,횡단중,횡단중,보행자 보호의무 위반,단일로,기타단일로,승용차,보행자,1143321,1688731,129.074071,35.18366824
2022,2022-08-16 22:00,야,화,1,0,0,0,0,인천,남동구,차대사람,횡단중,횡단중,기타,단일로,기타단일로,승용차,보행자,930349,1939219,126.7125404,37.44953793
2022,2022-08-16 23:00,야,화,1,1,0,1,0,경북,영천시,차대차,추돌,추돌,안전운전 의무 불이행,단일로,기타단일로,화물차,화물차,1127604,1781133,128.9161038,36.01868242
2022,2022-08-17 1:00,야,수,1,0,0,0,0,강원,삼척시,차대사람,기타,기타,안전운전 의무 불이행,단일로,기타단일로,승용차,보행자,1146774,1939013,129.1591084,37.43865828
2022,2022-08-17 2:00,야,수,1,0,0,0,0,제주,서귀포시,차량단독,기타,기타,안전운전 의무 불이행,단일로,기타단일로,이륜차,없음,877886,1476804,126.1887436,33.27570466
2022,2022-08-17 10:00,주,수,1,0,0,0,0,강원,영월군,차대사람,차도통행중,차도통행중,안전운전 의무 불이행,단일로,기타단일로,화물차,보행자,1086903,1910161,128.4790804,37.18618875
2022,2022-08-17 14:00,주,수,1,0,0,0,0,경남,창원시(통합),차대차,정면충돌,정면충돌,신호위반,교차로,교차로횡단보도내,화물차,자전거,1106016,1694222,128.6651521,35.23780289
2022,2022-08-18 4:00,야,목,1,0,0,0,0,경북,경주시,차대차,추돌,추돌,안전운전 의무 불이행,단일로,기타단일로,이륜차,화물차,1166125,1743790,129.3356469,35.67635718
2022,2022-08-18 8:00,주,목,1,0,0,0,0,서울,영등포구,차량단독,공작물충돌,공작물충돌,안전운전 의무 불이행,단일로,고가도로위,이륜차,없음,946320,1945679,126.8926234,37.50882827
2022,2022-08-18 9:00,주,목,1,0,0,0,0,전북,익산시,차대차,정면충돌,정면충돌,안전운전 의무 불이행,단일로,기타단일로,화물차,승용차,952241,1770696,126.9705539,35.93177665
2022,2022-08-18 13:00,주,목,1,0,0,0,0,경기,광명시,차대차,측면충돌,측면충돌,안전운전 의무 불이행,교차로,교차로부근,화물차,특수차,944653,1940190,126.8741756,37.45925659
2022,2022-08-18 21:00,야,목,1,0,0,0,0,대구,수성구,차량단독,공작물충돌,공작물충돌,안전운전 의무 불이행,단일로,기타단일로,승용차,없음,1105552,1759827,128.6685998,35.82926635
2022,2022-08-19 5:00,야,금,1,0,0,0,0,전남,신안군,차대사람,차도통행중,차도통행중,안전운전 의무 불이행,단일로,기타단일로,승합차,보행자,873273,1649422,126.114118,34.83153794
2022,2022-08-19 5:00,야,금,1,0,0,0,0,경북,경주시,차대사람,횡단중,횡단중,안전운전 의무 불이행,교차로,교차로부근,승용차,보행자,1162547,1747098,129.2967971,35.70676495
2022,2022-08-19 7:00,주,금,1,0,0,0,0,경기,가평군,차대차,추돌,추돌,안전운전 의무 불이행,단일로,기타단일로,화물차,화물차,998424,1977582,127.4820986,37.79794397
2022,2022-08-19 8:00,주,금,1,1,1,0,0,전북,정읍시,차대차,기타,기타,안전운전 의무 불이행,교차로,교차로내,원동기장치자전거,승용차,948881,1746950,126.934827,35.7175182
2022,2022-08-19 10:00,주,금,1,0,0,0,0,부산,수영구,차대사람,차도통행중,차도통행중,안전운전 의무 불이행,단일로,기타단일로,화물차,보행자,1146370,1687966,129.1074103,35.17633304
2022,2022-08-19 14:00,주,금,1,0,0,0,0,경남,함안군,차량단독,전도,전도,안전운전 의무 불이행,단일로,기타단일로,사륜오토바이(ATV),없음,1077309,1696290,128.3498835,35.2590741
2022,2022-08-20 2:00,야,토,1,0,0,0,0,충북,제천시,차대차,추돌,추돌,안전운전 의무 불이행,단일로,기타단일로,승용차,특수차,1064609,1906151,128.2275832,37.15185418
2022,2022-08-20 3:00,야,토,1,0,0,0,0,서울,영등포구,차대사람,기타,기타,신호위반,교차로,교차로부근,화물차,보행자,948766,1944867,126.9203546,37.50164862
2022,2022-08-20 15:00,주,토,1,4,2,2,0,광주,광산구,차대차,측면충돌,측면충돌,중앙선 침범,단일로,기타단일로,승용차,승용차,936116,1683362,126.7986938,35.14345583
2022,2022-08-20 22:00,야,토,1,1,0,0,1,경기,양주시,차대차,측면충돌,측면충돌,안전운전 의무 불이행,단일로,기타단일로,승용차,이륜차,964057,1978636,127.0916841,37.80673762
2022,2022-08-20 23:00,야,토,1,0,0,0,0,경기,성남시,차량단독,기타,기타,안전운전 의무 불이행,단일로,기타단일로,개인형이동장치(PM),없음,967147,1933389,127.1288179,37.39902844
2022,2022-08-21 0:00,야,일,1,0,0,0,0,경기,평택시,차량단독,공작물충돌,공작물충돌,안전운전 의무 불이행,단일로,기타단일로,승용차,없음,955388,1892153,126.9984321,37.02684545
2022,2022-08-21 0:00,야,일,1,0,0,0,0,강원,평창군,차대사람,차도통행중,차도통행중,기타,단일로,지하차도(도로)내,승용차,보행자,1072172,1954937,128.3175031,37.59100649
2022,2022-08-21 6:00,주,일,1,0,0,0,0,경북,상주시,차대차,정면충돌,정면충돌,중앙선 침범,단일로,기타단일로,승용차,이륜차,1065508,1823672,128.230615,36.4083241
2022,2022-08-21 9:00,주,일,2,5,3,2,0,경기,남양주시,차대차,추돌,추돌,안전운전 의무 불이행,단일로,기타단일로,승용차,화물차,972715,1969210,127.1903926,37.72207971
2022,2022-08-21 12:00,주,일,1,1,1,0,0,충북,영동군,차량단독,공작물충돌,공작물충돌,안전운전 의무 불이행,단일로,기타단일로,화물차,없음,1026681,1801382,127.7968214,36.20923603
2022,2022-08-21 12:00,주,일,1,0,0,0,0,충남,금산군,차량단독,도로이탈,도로이탈 추락,안전운전 의무 불이행,단일로,기타단일로,이륜차,없음,998725,1792210,127.4858307,36.12691135
2022,2022-08-21 14:00,주,일,1,0,0,0,0,부산,강서구,차대차,측면충돌,측면충돌,안전운전 의무 불이행,단일로,교량위,자전거,승용차,1126550,1677995,128.888285,35.0891414
2022,2022-08-21 15:00,주,일,1,0,0,0,0,경북,영천시,차대사람,길가장자리구역통행중,길가장자리구역통행중,안전운전 의무 불이행,단일로,기타단일로,화물차,보행자,1137833,1784843,129.0302334,36.05072551
2022,2022-08-21 15:00,주,일,1,0,0,0,0,인천,강화군,차대차,측면충돌,측면충돌,교차로 통행방법 위반,교차로,교차로내,승합차,자전거,910867,1971633,126.4883617,37.73998411
2022,2022-08-21 20:00,야,일,1,0,0,0,0,경북,칠곡군,차대사람,기타,기타,안전운전 의무 불이행,단일로,기타단일로,승용차,보행자,1094689,1778452,128.5505689,35.99827161
2022,2022-08-21 21:00,야,일,1,1,1,0,0,인천,중구,차대차,측면충돌,측면충돌,안전거리 미확보,단일로,기타단일로,승용차,승용차,910954,1943945,126.4927208,37.49046586
2022,2022-08-21 23:00,야,일,1,0,0,0,0,경기,부천시,차대차,추돌,추돌,기타,단일로,고가도로위,승용차,개인형이동장치(PM),936010,1945108,126.7760258,37.50302448
2022,2022-08-22 3:00,야,월,1,0,0,0,0,울산,북구,차대사람,기타,기타,안전운전 의무 불이행,단일로,기타단일로,승용차,보행자,1167991,1737907,129.3550297,35.6230251
2022,2022-08-22 4:00,야,월,1,0,0,0,0,경기,이천시,차대차,추돌,추돌,안전거리 미확보,단일로,기타단일로,화물차,화물차,987233,1923357,127.3559267,37.309096
2022,2022-08-22 6:00,주,월,1,0,0,0,0,경북,김천시,차대차,추돌,추돌,안전운전 의무 불이행,단일로,기타단일로,승용차,화물차,1067042,1796342,128.2453759,36.16184518
2022,2022-08-22 8:00,주,월,1,0,0,0,0,전북,익산시,차대차,기타,기타,안전운전 의무 불이행,교차로,교차로내,승합차,자전거,950384,1772328,126.9498665,35.94639759
2022,2022-08-22 9:00,주,월,1,0,0,0,0,경기,의왕시,차대사람,보도통행중,보도통행중,기타,단일로,기타단일로,승용차,보행자,953244,1931315,126.9718744,37.37973712
2022,2022-08-22 14:00,주,월,1,0,0,0,0,전남,무안군,차대사람,기타,기타,안전운전 의무 불이행,단일로,기타단일로,화물차,보행자,898811,1670294,126.3908187,35.02257789
2022,2022-08-22 14:00,주,월,1,0,0,0,0,경북,울진군,차대차,기타,기타,기타,단일로,기타단일로,승용차,농기계,1167246,1858979,129.3725905,36.71412247
2022,2022-08-22 21:00,야,월,1,0,0,0,0,강원,양양군,차대사람,횡단중,횡단중,안전운전 의무 불이행,단일로,기타단일로,화물차,보행자,1087285,1993298,128.4932817,37.93540278
2022,2022-08-22 21:00,야,월,1,0,0,0,0,인천,강화군,차대사람,보도통행중,보도통행중,신호위반,교차로,교차로내,승용차,보행자,912389,1971603,126.5056372,37.73986074
2022,2022-08-23 0:00,야,화,1,0,0,0,0,전남,담양군,차량단독,기타,기타,안전운전 의무 불이행,단일로,기타단일로,화물차,없음,952860,1692275,126.9819886,35.22474693
2022,2022-08-23 13:00,주,화,1,2,0,2,0,인천,강화군,차대차,측면충돌,측면충돌,기타,교차로,교차로내,승용차,승용차,910089,1969745,126.4797663,37.72289357
2022,2022-08-23 23:00,야,화,1,1,1,0,0,경기,하남시,차대차,기타,기타,신호위반,교차로,교차로내,이륜차,승용차,972869,1950515,127.1928345,37.55358016
2022,2022-08-24 0:00,야,수,1,0,0,0,0,서울,용산구,차량단독,전도,전도,안전운전 의무 불이행,교차로,교차로부근,이륜차,없음,952510,1949524,126.9624102,37.5438235
2022,2022-08-24 2:00,야,수,1,0,0,0,0,경북,구미시,차대차,기타,기타,안전운전 의무 불이행,단일로,기타단일로,승합차,승용차,1082842,1793653,128.4207391,36.13638279
2022,2022-08-24 5:00,야,수,1,1,1,0,0,경북,안동시,차량단독,도로이탈,도로이탈 추락,안전운전 의무 불이행,단일로,기타단일로,이륜차,없음,1111136,1840712,128.7418705,36.55771028
2022,2022-08-24 5:00,야,수,2,2,0,2,0,울산,북구,차대차,추돌,추돌,안전운전 의무 불이행,단일로,기타단일로,승용차,화물차,1171138,1732945,129.3887122,35.5777694
2022,2022-08-24 15:00,주,수,1,0,0,0,0,경기,양주시,차대사람,횡단중,횡단중,보행자 보호의무 위반,교차로,교차로내,승용차,보행자,964134,1980148,127.0924839,37.82036824
2022,2022-08-24 18:00,야,수,1,0,0,0,0,전북,군산시,차대사람,기타,기타,안전운전 의무 불이행,단일로,기타단일로,승용차,보행자,932304,1772196,126.7494232,35.94412142
2022,2022-08-24 19:00,야,수,1,0,0,0,0,전북,전주시,차대차,측면충돌,측면충돌,안전운전 의무 불이행,단일로,기타단일로,승용차,자전거,968456,1764899,127.150536,35.88016956
2022,2022-08-24 20:00,야,수,1,0,0,0,0,충북,제천시,차대차,추돌,추돌,기타,단일로,지하차도(도로)내,승용차,승용차,1067024,1908929,128.2550263,37.17672333
2022,2022-08-25 1:00,야,목,1,0,0,0,0,인천,미추홀구,차대사람,기타,기타,안전운전 의무 불이행,단일로,기타단일로,승용차,보행자,928318,1940381,126.6894674,37.45985562
2022,2022-08-25 2:00,야,목,1,0,0,0,0,경북,구미시,차대차,추돌,추돌,기타,단일로,기타단일로,승용차,개인형이동장치(PM),1080244,1791353,128.3916325,36.11586755
2022,2022-08-25 12:00,주,목,1,1,0,1,0,경기,평택시,차대차,정면충돌,정면충돌,중앙선 침범,교차로,교차로부근,승합차,건설기계,961758,1890660,127.0701232,37.01366842
2022,2022-08-25 12:00,주,목,1,0,0,0,0,충남,천안시,차대사람,차도통행중,차도통행중,기타,단일로,기타단일로,승용차,보행자,974143,1864751,127.2102248,36.78053513
2022,2022-08-25 13:00,주,목,1,0,0,0,0,경남,김해시,차대사람,기타,기타,안전운전 의무 불이행,단일로,기타단일로,화물차,보행자,1130949,1700042,128.9400326,35.28731789
2022,2022-08-25 16:00,주,목,1,2,2,0,0,전북,고창군,차대차,정면충돌,정면충돌,중앙선 침범,단일로,기타단일로,승용차,승용차,908177,1724694,126.487384,35.51392341
2022,2022-08-25 18:00,야,목,1,0,0,0,0,경북,김천시,차대차,측면충돌,측면충돌,교차로 통행방법 위반,교차로,교차로내,승용차,이륜차,1047233,1794945,128.0250646,36.15041917
2022,2022-08-25 19:00,야,목,1,0,0,0,0,전북,부안군,차대사람,길가장자리구역통행중,길가장자리구역통행중,안전운전 의무 불이행,단일로,지하차도(도로)내,승합차,보행자,927243,1731063,126.6970491,35.57292635
2022,2022-08-25 19:00,야,목,1,0,0,0,0,대전,유성구,차대사람,횡단중,횡단중,안전운전 의무 불이행,교차로,교차로내,승용차,보행자,985581,1817525,127.3392924,36.35503355
2022,2022-08-25 23:00,야,목,1,0,0,0,0,충남,천안시,차대사람,기타,기타,안전운전 의무 불이행,단일로,기타단일로,승용차,보행자,968281,1871239,127.1442609,36.83884334
2022,2022-08-26 0:00,야,금,1,2,0,2,0,경기,고양시,차대차,측면충돌,측면충돌,신호위반,교차로,교차로내,이륜차,승용차,936558,1963717,126.7806129,37.67078193
2022,2022-08-26 5:00,야,금,1,0,0,0,0,충남,천안시,차대사람,기타,기타,안전운전 의무 불이행,교차로,교차로부근,승용차,보행자,967437,1881968,127.1343344,36.93553032
2022,2022-08-26 7:00,주,금,1,0,0,0,0,경북,포항시,차대차,측면충돌,측면충돌,안전운전 의무 불이행,기타,기타,화물차,자전거,1167958,1779858,129.3634802,36.00107078
2022,2022-08-26 10:00,주,금,1,0,0,0,0,서울,관악구,차대차,측면충돌,측면충돌,안전운전 의무 불이행,기타,기타,화물차,자전거,951225,1940946,126.9484336,37.46644081
2022,2022-08-26 10:00,주,금,1,0,0,0,0,경기,포천시,차량단독,전도,전도,안전운전 의무 불이행,단일로,기타단일로,자전거,없음,975826,1986041,127.2251317,37.87386672
2022,2022-08-26 12:00,주,금,1,2,1,1,0,충남,홍성군,차대차,정면충돌,정면충돌,중앙선 침범,단일로,기타단일로,이륜차,승용차,917252,1835816,126.575828,36.51645995
2022,2022-08-26 14:00,주,금,1,1,1,0,0,서울,성북구,차대차,기타,기타,안전운전 의무 불이행,교차로,교차로부근,승용차,승용차,956980,1955413,127.0126634,37.59712195
2022,2022-08-26 14:00,주,금,1,0,0,0,0,서울,동대문구,차량단독,전도,전도,안전운전 의무 불이행,교차로,교차로부근,기타,없음,961917,1954452,127.0686389,37.58867787
2022,2022-08-26 14:00,주,금,1,3,0,3,0,서울,구로구,차대차,기타,기타,안전운전 의무 불이행,단일로,기타단일로,화물차,승용차,945906,1942496,126.8881735,37.48011521
2022,2022-08-26 14:00,주,금,1,0,0,0,0,충북,영동군,차대차,측면충돌,측면충돌,안전운전 의무 불이행,단일로,기타단일로,승용차,이륜차,1023576,1792582,127.762015,36.12997949
2022,2022-08-26 15:00,주,금,2,0,0,0,0,충남,태안군,차대차,기타,기타,신호위반,교차로,교차로내,건설기계,이륜차,890958,1864206,126.278181,36.76970053
2022,2022-08-26 17:00,주,금,1,0,0,0,0,대구,달서구,차대차,기타,기타,안전운전 의무 불이행,교차로,교차로부근,건설기계,이륜차,1089589,1761368,128.4920672,35.84474659
2022,2022-08-26 19:00,야,금,1,0,0,0,0,경북,경산시,차대사람,횡단중,횡단중,안전운전 의무 불이행,교차로,교차로내,화물차,보행자,1119762,1758389,128.8256721,35.81467208
2022,2022-08-26 23:00,야,금,1,0,0,0,0,전북,전주시,차대사람,횡단중,횡단중,안전운전 의무 불이행,단일로,기타단일로,승용차,보행자,966676,1754881,127.1312346,35.78978823
2022,2022-08-27 2:00,야,토,1,0,0,0,0,대구,동구,차량단독,공작물충돌,공작물충돌,안전운전 의무 불이행,단일로,지하차도(도로)내,개인형이동장치(PM),없음,1101417,1763986,128.6233566,35.86719376
2022,2022-08-27 9:00,주,토,1,1,0,1,0,경기,고양시,차대차,정면충돌,정면충돌,안전운전 의무 불이행,단일로,터널안,자전거,자전거,929504,1963450,126.7006582,37.66786063
2022,2022-08-27 12:00,주,토,1,0,0,0,0,경북,상주시,차량단독,공작물충돌,공작물충돌,안전운전 의무 불이행,단일로,기타단일로,화물차,없음,1032567,1810324,127.8626734,36.28967131
2022,2022-08-27 14:00,주,토,1,0,0,0,0,강원,홍천군,차량단독,공작물충돌,공작물충돌,안전운전 의무 불이행,단일로,기타단일로,이륜차,없음,1036112,1976717,127.9101401,37.78943504
2022,2022-08-27 18:00,야,토,1,0,0,0,0,충북,충주시,차량단독,공작물충돌,공작물충돌,안전운전 의무 불이행,단일로,기타단일로,화물차,없음,1028808,1901370,127.824242,37.11054713
2022,2022-08-27 18:00,야,토,1,10,3,7,0,전남,순천시,차대차,정면충돌,정면충돌,신호위반,교차로,교차로내,승용차,승합차,1003413,1657839,127.5373636,34.9153285
2022,2022-08-28 8:00,주,일,1,0,0,0,0,경남,양산시,차대사람,횡단중,횡단중,보행자 보호의무 위반,교차로,교차로횡단보도내,승용차,보행자,1150273,1710457,129.1543751,35.37847414
2022,2022-08-28 19:00,야,일,1,0,0,0,0,세종,세종시,차대사람,차도통행중,차도통행중,안전운전 의무 불이행,단일로,기타단일로,승용차,보행자,981221,1844611,127.2900404,36.59914302
2022,2022-08-29 5:00,야,월,1,0,0,0,0,서울,강동구,차대사람,횡단중,횡단중,기타,교차로,교차로횡단보도내,승용차,보행자,966895,1947379,127.1253422,37.52511878
2022,2022-08-29 5:00,야,월,1,0,0,0,0,인천,남동구,차대차,측면충돌,측면충돌,중앙선 침범,단일로,기타단일로,건설기계,이륜차,929884,1937532,126.7074441,37.43429804
2022,2022-08-29 17:00,주,월,1,0,0,0,0,전북,고창군,차량단독,도로이탈,도로이탈 추락,안전운전 의무 불이행,단일로,교량위,농기계,없음,914536,1709008,126.5591489,35.37307361
2022,2022-08-29 19:00,야,월,1,0,0,0,0,경기,평택시,차대차,추돌,추돌,기타,단일로,기타단일로,승용차,개인형이동장치(PM),962294,1890156,127.0761734,37.00914696
2022,2022-08-29 19:00,야,월,1,0,0,0,0,충북,충주시,차대사람,횡단중,횡단중,기타,교차로,교차로내,이륜차,보행자,1038622,1887285,127.9339753,36.98323004
2022,2022-08-29 19:00,야,월,1,0,0,0,0,경남,사천시,차대사람,횡단중,횡단중,안전운전 의무 불이행,단일로,기타단일로,화물차,보행자,1052837,1674602,128.0794811,35.06510962
2022,2022-08-29 22:00,야,월,1,0,0,0,0,서울,노원구,차량단독,공작물충돌,공작물충돌,안전운전 의무 불이행,단일로,교량위,이륜차,없음,961786,1957395,127.0670014,37.61519844
2022,2022-08-30 7:00,주,화,1,0,0,0,0,경남,김해시,차대사람,길가장자리구역통행중,길가장자리구역통행중,안전운전 의무 불이행,교차로,교차로부근,승용차,보행자,1123120,1691817,128.8527275,35.21416749
2022,2022-08-30 9:00,주,화,1,0,0,0,0,부산,영도구,차대사람,기타,기타,안전운전 의무 불이행,단일로,기타단일로,건설기계,보행자,1142438,1678974,129.0626943,35.09584558
2022,2022-08-30 17:00,주,화,1,0,0,0,0,전북,고창군,차량단독,공작물충돌,공작물충돌,안전운전 의무 불이행,기타,기타,화물차,없음,916057,1703174,126.5764901,35.32060494
2022,2022-08-30 21:00,야,화,1,5,2,3,0,경기,화성시,차대차,기타,기타,안전운전 의무 불이행,단일로,기타단일로,화물차,화물차,942826,1897359,126.8568103,37.07309025
2022,2022-08-30 23:00,야,화,1,0,0,0,0,경기,파주시,차대사람,횡단중,횡단중,안전운전 의무 불이행,교차로,교차로내,승용차,보행자,937725,1979501,126.7924922,37.81311691
2022,2022-08-31 10:00,주,수,1,0,0,0,0,전북,군산시,차대차,추돌,추돌,안전운전 의무 불이행,단일로,지하차도(도로)내,승용차,사륜오토바이(ATV),927773,1774247,126.6990035,35.96228682
2022,2022-08-31 11:00,주,수,1,0,0,0,0,경남,진주시,차대차,측면충돌,측면충돌,신호위반,교차로,교차로횡단보도내,이륜차,자전거,1055740,1687304,128.112174,35.17948403
2022,2022-08-31 17:00,주,수,1,0,0,0,0,강원,춘천시,차대사람,횡단중,횡단중,신호위반,교차로,교차로횡단보도내,화물차,보행자,1019988,1988238,127.727333,37.8937698
2022,2022-08-31 17:00,주,수,1,0,0,0,0,경기,양평군,차대차,추돌,추돌,안전운전 의무 불이행,단일로,기타단일로,특수차,승용차,1023814,1933407,127.7690588,37.39946717
2022,2022-08-31 19:00,야,수,1,0,0,0,0,충남,공주시,차대차,추돌,추돌,안전운전 의무 불이행,단일로,기타단일로,승용차,자전거,979388,1818317,127.2702475,36.36206092
2022,2022-09-01 14:00,주,목,1,0,0,0,0,강원,횡성군,차량단독,전도,전도,안전운전 의무 불이행,단일로,기타단일로,자전거,없음,1031766,1947557,127.859512,37.52677027
2022,2022-09-01 14:00,주,목,1,2,1,1,0,전남,순천시,차대차,추돌,추돌,안전운전 의무 불이행,단일로,기타단일로,화물차,승용차,998995,1674946,127.4889772,35.06959531
2022,2022-09-01 15:00,주,목,1,0,0,0,0,경기,부천시,차대사람,기타,기타,안전운전 의무 불이행,교차로,교차로내,화물차,보행자,935487,1943041,126.7702903,37.48435831
2022,2022-09-01 17:00,주,목,1,4,3,1,0,경기,평택시,차대차,추돌,추돌,안전거리 미확보,단일로,기타단일로,승용차,승용차,945171,1894059,126.8834301,37.04348476
2022,2022-09-01 17:00,주,목,1,0,0,0,0,충북,괴산군,차대차,정면충돌,정면충돌,중앙선 침범,단일로,기타단일로,이륜차,화물차,1029031,1876160,127.825781,36.88329005
2022,2022-09-01 20:00,야,목,1,0,0,0,0,서울,중랑구,차대사람,횡단중,횡단중,안전운전 의무 불이행,교차로,교차로내,승합차,보행자,964252,1954144,127.0951015,37.58599546
2022,2022-09-01 22:00,야,목,1,0,0,0,0,인천,부평구,차대사람,횡단중,횡단중,안전운전 의무 불이행,교차로,교차로부근,승합차,보행자,931322,1944007,126.7230935,37.49276438
2022,2022-09-01 23:00,야,목,1,0,0,0,0,충북,충주시,차대사람,횡단중,횡단중,안전운전 의무 불이행,단일로,기타단일로,승용차,보행자,1039600,1884458,127.944816,36.95770621
2022,2022-09-02 5:00,야,금,1,1,0,1,0,충남,서산시,차대차,추돌,추돌,안전운전 의무 불이행,단일로,기타단일로,승용차,농기계,903224,1885902,126.4128306,36.96657877
2022,2022-09-02 5:00,야,금,1,0,0,0,0,전북,전주시,차대차,기타,기타,기타,기타,기타,승용차,자전거,968212,1758108,127.1481035,35.81893401
2022,2022-09-02 10:00,주,금,1,0,0,0,0,전북,김제시,차대차,측면충돌,측면충돌,기타,교차로,교차로내,이륜차,화물차,929670,1760867,126.7212221,35.84180128
2022,2022-09-02 12:00,주,금,1,3,0,2,1,경기,화성시,차대차,추돌,추돌,안전운전 의무 불이행,단일로,기타단일로,화물차,화물차,944335,1909811,126.8728596,37.18541958
2022,2022-09-02 12:00,주,금,1,0,0,0,0,전남,해남군,차량단독,기타,기타,안전운전 의무 불이행,단일로,기타단일로,화물차,없음,899051,1620520,126.3994296,34.57383635
2022,2022-09-02 15:00,주,금,1,0,0,0,0,경북,경주시,차량단독,공작물충돌,공작물충돌,안전운전 의무 불이행,단일로,기타단일로,승용차,없음,1173859,1757433,129.4240202,35.79796466
2022,2022-09-02 17:00,주,금,1,0,0,0,0,전남,영암군,차량단독,전도,전도,안전운전 의무 불이행,단일로,기타단일로,자전거,없음,896804,1639938,126.3725674,34.74868955
2022,2022-09-03 1:00,야,토,1,0,0,0,0,강원,원주시,차량단독,기타,기타,안전운전 의무 불이행,단일로,기타단일로,개인형이동장치(PM),없음,1029201,1925443,127.829608,37.3275277
2022,2022-09-03 4:00,야,토,1,15,2,13,0,서울,용산구,차대차,기타,기타,기타,단일로,기타단일로,승용차,승용차,954544,1948539,126.9854953,37.53504804
2022,2022-09-03 5:00,야,토,1,0,0,0,0,부산,해운대구,차대사람,차도통행중,차도통행중,기타,교차로,교차로횡단보도내,승용차,보행자,1148765,1687499,129.1336181,35.17177189
2022,2022-09-03 8:00,주,토,1,0,0,0,0,충남,당진시,차대차,측면충돌,측면충돌,안전운전 의무 불이행,단일로,기타단일로,승용차,이륜차,920639,1870613,126.6100464,36.8304016
2022,2022-09-03 9:00,주,토,1,0,0,0,0,충남,홍성군,차대차,정면충돌,정면충돌,안전운전 의무 불이행,단일로,기타단일로,승용차,승용차,923747,1845228,126.6474283,36.60184058
2022,2022-09-03 11:00,주,토,1,1,0,1,0,강원,홍천군,차대차,측면충돌,측면충돌,안전거리 미확보,단일로,기타단일로,이륜차,승용차,1041763,1975621,127.974256,37.77931599
2022,2022-09-03 11:00,주,토,1,0,0,0,0,강원,횡성군,차량단독,공작물충돌,공작물충돌,안전운전 의무 불이행,단일로,고가도로위,이륜차,없음,1042525,1942471,127.9809795,37.48049499
2022,2022-09-03 12:00,주,토,1,0,0,0,0,서울,용산구,차대사람,기타,기타,안전운전 의무 불이행,기타,기타,화물차,보행자,951593,1948429,126.9521023,37.53390634
2022,2022-09-03 12:00,주,토,1,0,0,0,0,경남,창원시(통합),차대차,정면충돌,정면충돌,안전운전 의무 불이행,교차로,교차로내,승용차,자전거,1093055,1696624,128.5229999,35.26074582
2022,2022-09-03 13:00,주,토,1,0,0,0,0,경기,시흥시,차대차,측면충돌,측면충돌,안전운전 의무 불이행,교차로,교차로내,화물차,자전거,933059,1928157,126.7441787,37.35003593
2022,2022-09-03 17:00,주,토,1,0,0,0,0,전남,해남군,차대차,기타,기타,안전운전 의무 불이행,단일로,기타단일로,승용차,원동기장치자전거,917411,1620134,126.599608,34.57199643
2022,2022-09-03 21:00,야,토,1,0,0,0,0,충남,보령시,차대차,기타,기타,기타,교차로,교차로내,승용차,이륜차,919675,1818231,126.604709,36.35815222
2022,2022-09-04 1:00,야,일,1,1,0,1,0,충북,보은군,차대차,추돌,추돌,안전운전 의무 불이행,단일로,기타단일로,화물차,화물차,1015853,1830417,127.6769537,36.47123594
2022,2022-09-04 5:00,야,일,1,0,0,0,0,인천,미추홀구,차대차,측면충돌,측면충돌,신호위반,교차로,교차로내,이륜차,승합차,928345,1939377,126.6898703,37.45080883