발생년,발생년월일시,주야,요일,사망자수,부상자수,중상자수,경상자수,부상신고자수,발생지시도,발생지시군구,사고유형_대분류,사고유형_중분류,사고유형,가해자법규위반,도로형태_대분류,도로형태,가해자_당사자종별,피해자_당사자종별,발생위치X_UTMK,발생위치Y_UTMK,경도,위도
2022,2022-09-04 7:00,주,일,1,0,0,0,0,제주,제주시,차대사람,기타,기타,보행자 보호의무 위반,교차로,교차로내,승용차,보행자,914353,1503197,126.5777608,33.517247
2022,2022-09-04 12:00,주,일,1,8,3,5,0,충북,청주시,차대차,정면충돌,정면충돌,중앙선 침범,교차로,교차로내,승용차,승용차,998637,1845426,127.4847594,36.60667424
2022,2022-09-04 13:00,주,일,1,1,1,0,0,충북,영동군,차대차,정면충돌,정면충돌,중앙선 침범,단일로,기타단일로,농기계,승용차,1019526,1800752,127.7172082,36.20372716
2022,2022-09-04 15:00,주,일,1,0,0,0,0,경북,상주시,차대차,측면충돌,측면충돌,교차로 통행방법 위반,교차로,교차로내,승용차,자전거,1059249,1824619,128.1608847,36.4172677
2022,2022-09-04 16:00,주,일,1,0,0,0,0,전남,영암군,차량단독,전도,전도,안전운전 의무 불이행,단일로,기타단일로,이륜차,없음,934895,1650093,126.787894,34.84339925
2022,2022-09-04 21:00,야,일,1,0,0,0,0,인천,부평구,차대차,측면충돌,측면충돌,기타,단일로,기타단일로,승용차,승합차,931191,1945488,126.7214731,37.50610263
2022,2022-09-04 22:00,야,일,1,0,0,0,0,서울,구로구,차량단독,공작물충돌,공작물충돌,안전운전 의무 불이행,단일로,기타단일로,이륜차,없음,940474,1943693,126.8266421,37.49056974
2022,2022-09-04 23:00,야,일,1,0,0,0,0,서울,은평구,차대차,기타,기타,신호위반,교차로,교차로내,이륜차,승합차,950217,1955853,126.9360244,37.60074651
2022,2022-09-04 23:00,야,일,1,0,0,0,0,인천,부평구,차대사람,횡단중,횡단중,안전운전 의무 불이행,기타,기타,승용차,보행자,931629,1943400,126.7266225,37.48731636
2022,2022-09-05 4:00,야,월,1,0,0,0,0,충남,천안시,차대사람,기타,기타,기타,단일로,기타단일로,승용차,보행자,970983,1871480,127.1745551,36.84110265
2022,2022-09-05 4:00,야,월,1,0,0,0,0,인천,서구,차대차,추돌,추돌,안전운전 의무 불이행,단일로,기타단일로,화물차,자전거,926059,1953805,126.6625755,37.58066379
2022,2022-09-05 7:00,주,월,1,0,0,0,0,광주,서구,차대사람,횡단중,횡단중,기타,단일로,기타단일로,승용차,보행자,940612,1681819,126.848158,35.12981872
2022,2022-09-05 8:00,주,월,1,0,0,0,0,경북,안동시,차대차,기타,기타,안전운전 의무 불이행,교차로,교차로부근,승용차,자전거,1115649,1839168,128.7920571,36.54325862
2022,2022-09-05 15:00,주,월,1,0,0,0,0,경기,여주시,차대사람,기타,기타,안전운전 의무 불이행,기타,기타,화물차,보행자,1011692,1916648,127.6318366,37.24863535
2022,2022-09-05 15:00,주,월,2,2,2,0,0,경기,고양시,차대차,측면충돌,측면충돌,신호위반,교차로,교차로부근,승용차,승용차,934016,1965323,126.7516453,37.68507688
2022,2022-09-05 20:00,야,월,1,0,0,0,0,서울,서대문구,차대사람,기타,기타,보행자 보호의무 위반,단일로,기타단일로,승합차,보행자,948401,1953401,126.9156253,37.57854639
2022,2022-09-05 20:00,야,월,1,1,0,1,0,경기,평택시,차대차,추돌,추돌,안전운전 의무 불이행,단일로,기타단일로,화물차,화물차,945482,1894914,126.8868652,37.05120972
2022,2022-09-06 5:00,야,화,1,0,0,0,0,서울,관악구,차대사람,횡단중,횡단중,기타,단일로,기타단일로,승용차,보행자,948055,1942635,126.9124686,37.48149141
2022,2022-09-06 12:00,주,화,1,0,0,0,0,전남,목포시,차대사람,차도통행중,차도통행중,안전운전 의무 불이행,교차로,교차로부근,승용차,보행자,899409,1645772,126.400325,34.80154967
2022,2022-09-06 12:00,주,화,1,0,0,0,0,경남,양산시,차대사람,기타,기타,기타,단일로,기타단일로,승용차,보행자,1151263,1714275,129.1659779,35.41273619
2022,2022-09-06 12:00,주,화,1,1,1,0,0,인천,연수구,차대차,정면충돌,정면충돌,중앙선 침범,교차로,교차로부근,화물차,화물차,924473,1937252,126.6463155,37.43134856
2022,2022-09-06 14:00,주,화,1,1,1,0,0,강원,평창군,차대차,추돌,추돌,안전운전 의무 불이행,단일로,지하차도(도로)내,승용차,원동기장치자전거,1081404,1935596,128.4199223,37.41592528
2022,2022-09-06 16:00,주,화,1,2,1,1,0,부산,사상구,차대차,추돌,추돌,안전운전 의무 불이행,단일로,기타단일로,화물차,화물차,1134419,1686941,128.9760399,35.16876395
2022,2022-09-06 16:00,주,화,1,0,0,0,0,전북,정읍시,차대차,측면충돌,측면충돌,교차로 통행방법 위반,교차로,교차로내,승용차,자전거,943594,1728181,126.8776898,35.54800891
2022,2022-09-06 19:00,야,화,1,0,0,0,0,대구,달성군,차대차,측면충돌,측면충돌,안전운전 의무 불이행,교차로,교차로내,화물차,자전거,1089202,1756458,128.487234,35.80051888
2022,2022-09-07 7:00,주,수,1,0,0,0,0,충남,당진시,차대차,기타,기타,안전운전 의무 불이행,단일로,기타단일로,이륜차,승용차,922566,1876587,126.6310441,36.88440866
2022,2022-09-07 11:00,주,수,1,1,0,1,0,서울,성북구,차대차,기타,기타,안전운전 의무 불이행,교차로,교차로부근,화물차,승용차,960613,1957872,127.0536849,37.61944822
2022,2022-09-07 11:00,주,수,1,2,0,2,0,강원,강릉시,차대차,정면충돌,정면충돌,중앙선 침범,단일로,기타단일로,승용차,승용차,1119020,1980650,128.8522524,37.81783501
2022,2022-09-07 13:00,주,수,1,0,0,0,0,강원,강릉시,차대차,측면충돌,측면충돌,신호위반,교차로,교차로내,이륜차,승용차,1124273,1975014,128.9109522,37.76635176
2022,2022-09-07 14:00,주,수,1,0,0,0,0,전남,완도군,차량단독,도로이탈,도로이탈 추락,안전운전 의무 불이행,단일로,기타단일로,농기계,없음,929617,1594868,126.734749,34.34507093
2022,2022-09-07 15:00,주,수,1,0,0,0,0,경기,용인시,차대사람,보도통행중,보도통행중,기타,단일로,기타단일로,승용차,보행자,963251,1923100,127.0853113,37.30614057
2022,2022-09-07 22:00,야,수,1,0,0,0,0,경남,창원시(통합),차대사람,차도통행중,차도통행중,안전운전 의무 불이행,단일로,기타단일로,승용차,보행자,1102934,1689323,128.6306731,35.19395797
2022,2022-09-07 23:00,야,수,1,3,0,3,0,경기,시흥시,차대차,기타,기타,신호위반,교차로,교차로내,이륜차,승용차,926645,1925957,126.6719834,37.32972255
2022,2022-09-08 4:00,야,목,1,1,1,0,0,서울,광진구,차대차,추돌,추돌,안전운전 의무 불이행,단일로,기타단일로,이륜차,건설기계,962445,1951398,127.0747759,37.56117294
2022,2022-09-08 8:00,주,목,1,0,0,0,0,충남,아산시,차대사람,기타,기타,안전운전 의무 불이행,교차로,교차로부근,화물차,보행자,955489,1866418,127.0010807,36.79486925
2022,2022-09-08 10:00,주,목,1,1,1,0,0,경기,시흥시,차대차,기타,기타,신호위반,기타,기타,화물차,자전거,942190,1934025,126.8468104,37.40353955
2022,2022-09-08 10:00,주,목,1,0,0,0,0,대전,동구,차대사람,횡단중,횡단중,안전운전 의무 불이행,교차로,교차로부근,승용차,보행자,995923,1814504,127.4545754,36.32789737
2022,2022-09-08 19:00,야,목,1,0,0,0,0,충북,괴산군,차량단독,공작물충돌,공작물충돌,안전운전 의무 불이행,단일로,기타단일로,이륜차,없음,1013813,1862861,127.6547664,36.76374948
2022,2022-09-08 19:00,야,목,1,0,0,0,0,대전,유성구,차대사람,횡단중,횡단중,기타,단일로,기타단일로,승용차,보행자,984532,1817058,127.3276101,36.35080707
2022,2022-09-08 20:00,야,목,1,0,0,0,0,경북,성주군,차대사람,차도통행중,차도통행중,안전운전 의무 불이행,단일로,기타단일로,승용차,보행자,1078263,1765316,128.3670497,35.88130819
2022,2022-09-08 22:00,야,목,1,0,0,0,0,서울,동대문구,차대차,기타,기타,안전거리 미확보,교차로,교차로부근,승용차,이륜차,962223,1953276,127.0721655,37.57809086
2022,2022-09-09 0:00,야,금,1,1,0,1,0,서울,노원구,차대차,기타,기타,신호위반,교차로,교차로내,이륜차,승용차,960804,1958845,127.055797,37.62822624
2022,2022-09-09 0:00,야,금,1,0,0,0,0,경기,이천시,차대사람,횡단중,횡단중,안전운전 의무 불이행,단일로,기타단일로,승용차,보행자,987617,1916054,127.3603817,37.24327209
2022,2022-09-09 7:00,주,금,1,0,0,0,0,인천,부평구,차대사람,보도통행중,보도통행중,보행자 보호의무 위반,교차로,교차로부근,화물차,보행자,931314,1943824,126.7230201,37.49111444
2022,2022-09-09 10:00,주,금,1,0,0,0,0,경남,양산시,차대차,측면충돌,측면충돌,안전운전 의무 불이행,단일로,기타단일로,승용차,이륜차,1138753,1703322,129.0263812,35.31583112
2022,2022-09-09 14:00,주,금,1,0,0,0,0,경북,안동시,차대사람,기타,기타,안전운전 의무 불이행,단일로,기타단일로,승용차,보행자,1111916,1841039,128.7506321,36.56056642
2022,2022-09-09 16:00,주,금,1,0,0,0,0,경남,밀양시,차량단독,도로이탈,도로이탈 추락,안전운전 의무 불이행,단일로,기타단일로,화물차,없음,1113485,1722178,128.7511048,35.48900129
2022,2022-09-09 22:00,야,금,1,0,0,0,0,인천,남동구,차량단독,전도,전도,안전운전 의무 불이행,단일로,지하차도(도로)내,이륜차,없음,929927,1941110,126.70759,37.46654938
2022,2022-09-09 23:00,야,금,2,1,1,0,0,경기,수원시,차대차,정면충돌,정면충돌,신호위반,교차로,교차로내,승용차,승용차,957300,1916894,127.0185166,37.24994728
2022,2022-09-10 2:00,야,토,1,0,0,0,0,충남,논산시,차대사람,기타,기타,안전운전 의무 불이행,단일로,기타단일로,승용차,보행자,963677,1788746,127.0964991,36.0950022
2022,2022-09-10 3:00,야,토,1,0,0,0,0,충남,보령시,차대사람,기타,기타,안전운전 의무 불이행,단일로,기타단일로,승용차,보행자,919052,1816477,126.5979483,36.34228891
2022,2022-09-10 9:00,주,토,1,0,0,0,0,전남,함평군,차대사람,기타,기타,안전운전 의무 불이행,단일로,기타단일로,승용차,보행자,903885,1683964,126.4448425,35.14631922
2022,2022-09-10 16:00,주,토,1,0,0,0,0,강원,평창군,차량단독,도로이탈,도로이탈 기타,안전운전 의무 불이행,교차로,교차로부근,이륜차,없음,1100360,1964653,128.6380779,37.67592101
2022,2022-09-10 21:00,야,토,1,1,1,0,0,경기,용인시,차대사람,횡단중,횡단중,기타,교차로,교차로횡단보도내,이륜차,보행자,975736,1919628,127.226308,37.27525417
2022,2022-09-10 23:00,야,토,1,0,0,0,0,부산,해운대구,차대차,기타,기타,신호위반,교차로,교차로내,이륜차,이륜차,1148704,1686575,129.132782,35.16345243
2022,2022-09-10 23:00,야,토,1,0,0,0,0,경남,김해시,차대사람,횡단중,횡단중,안전거리 미확보,단일로,기타단일로,승용차,보행자,1127183,1694203,128.8977252,35.23516894
2022,2022-09-11 0:00,야,일,1,2,1,1,0,경기,성남시,차대차,측면충돌,측면충돌,신호위반,교차로,교차로내,승용차,승합차,967778,1931218,127.1360416,37.37948196
2022,2022-09-11 0:00,야,일,1,0,0,0,0,제주,서귀포시,차대사람,횡단중,횡단중,보행자 보호의무 위반,교차로,교차로횡단보도내,승용차,보행자,908340,1473409,126.5160521,33.24810544
2022,2022-09-11 15:00,주,일,1,0,0,0,0,강원,원주시,차대사람,기타,기타,안전운전 의무 불이행,기타,기타,화물차,보행자,1039639,1931812,127.9477656,37.38454853
2022,2022-09-11 15:00,주,일,1,2,1,1,0,광주,광산구,차대차,측면충돌,측면충돌,신호위반,교차로,교차로내,승용차,승용차,939840,1688565,126.8391933,35.19059885
2022,2022-09-11 17:00,주,일,1,0,0,0,0,경기,이천시,차대차,기타,기타,안전운전 의무 불이행,교차로,교차로내,개인형이동장치(PM),승용차,995307,1919531,127.4470645,37.27468436
2022,2022-09-11 21:00,야,일,1,0,0,0,0,경남,창원시(통합),차대차,기타,기타,안전운전 의무 불이행,단일로,기타단일로,승용차,이륜차,1096073,1686292,128.5549674,35.16731173
2022,2022-09-12 0:00,야,월,1,2,0,1,1,전남,목포시,차량단독,공작물충돌,공작물충돌,기타,기타,기타,승용차,없음,902000,1647994,126.4283864,34.82183617
2022,2022-09-12 3:00,야,월,1,0,0,0,0,전북,군산시,차대사람,기타,기타,기타,교차로,교차로횡단보도내,승용차,보행자,928583,1774442,126.7079681,35.96410439
2022,2022-09-12 11:00,주,월,1,1,1,0,0,경남,거창군,차량단독,공작물충돌,공작물충돌,안전운전 의무 불이행,단일로,기타단일로,이륜차,없음,1035362,1745314,127.8908956,35.70345978
2022,2022-09-12 16:00,주,월,1,2,2,0,0,경북,성주군,차량단독,기타,기타,안전운전 의무 불이행,기타,기타,승용차,없음,1068473,1779353,128.2598093,36.00858893
2022,2022-09-12 21:00,야,월,1,1,0,1,0,충남,천안시,차대사람,기타,기타,기타,단일로,기타단일로,승용차,보행자,967506,1877600,127.1352967,36.89615792
2022,2022-09-12 23:00,야,월,1,0,0,0,0,경기,고양시,차량단독,공작물충돌,공작물충돌,안전운전 의무 불이행,단일로,기타단일로,승용차,없음,945114,1964083,126.8775987,37.67463247
2022,2022-09-13 2:00,야,화,1,0,0,0,0,경기,안성시,차대사람,기타,기타,안전운전 의무 불이행,기타,기타,승용차,보행자,972315,1889819,127.188823,37.00645792
2022,2022-09-13 5:00,야,화,2,1,1,0,0,경북,의성군,차대사람,횡단중,횡단중,기타,교차로,교차로내,화물차,보행자,1106289,1806696,128.6830614,36.25166232
2022,2022-09-13 7:00,주,화,1,0,0,0,0,경기,안양시,차대사람,기타,기타,안전운전 의무 불이행,교차로,교차로내,화물차,보행자,951754,1933995,126.9548701,37.40381674
2022,2022-09-13 7:00,주,화,1,0,0,0,0,광주,서구,차대사람,횡단중,횡단중,보행자 보호의무 위반,교차로,교차로내,승합차,보행자,942994,1681804,126.8743024,35.12982126
2022,2022-09-13 12:00,주,화,1,3,2,1,0,부산,사상구,차대사람,보도통행중,보도통행중,안전운전 의무 불이행,단일로,지하차도(도로)내,승용차,보행자,1137792,1684908,129.0127277,35.14998147
2022,2022-09-13 17:00,주,화,1,0,0,0,0,충북,충주시,차대차,정면충돌,정면충돌,안전운전 의무 불이행,단일로,기타단일로,화물차,자전거,1024497,1884982,127.7751875,36.96294405
2022,2022-09-13 18:00,야,화,1,3,1,2,0,충북,음성군,차대차,정면충돌,정면충돌,교차로 통행방법 위반,교차로,교차로내,승합차,화물차,1021809,1880273,127.7448562,36.92056121
2022,2022-09-13 20:00,야,화,1,0,0,0,0,부산,기장군,차대사람,횡단중,횡단중,기타,교차로,교차로횡단보도내,승용차,보행자,1156086,1696368,129.2156615,35.25059816
2022,2022-09-14 1:00,야,수,1,0,0,0,0,인천,강화군,차대사람,기타,기타,안전운전 의무 불이행,단일로,기타단일로,승용차,보행자,906210,1974624,126.4351277,37.76647271
2022,2022-09-14 12:00,주,수,1,0,0,0,0,경북,구미시,차량단독,공작물충돌,공작물충돌,안전운전 의무 불이행,단일로,기타단일로,화물차,없음,1075572,1806844,128.3412168,36.25588923
2022,2022-09-14 18:00,야,수,1,1,0,0,1,경남,창원시(통합),차대사람,차도통행중,차도통행중,안전운전 의무 불이행,단일로,기타단일로,승용차,보행자,1107216,1692633,128.6781309,35.22335009
2022,2022-09-14 19:00,야,수,1,0,0,0,0,제주,제주시,차대사람,차도통행중,차도통행중,안전운전 의무 불이행,단일로,기타단일로,이륜차,보행자,885521,1492361,126.2687377,33.41683206
2022,2022-09-14 23:00,야,수,1,0,0,0,0,경북,안동시,차량단독,전도,전도,안전운전 의무 불이행,단일로,기타단일로,화물차,없음,1107438,1852231,128.7021667,36.66195463
2022,2022-09-15 2:00,야,목,1,0,0,0,0,경기,용인시,차량단독,공작물충돌,공작물충돌,안전운전 의무 불이행,교차로,교차로내,승용차,없음,974127,1913365,127.2083767,37.21875654
2022,2022-09-15 7:00,주,목,1,0,0,0,0,경기,화성시,차대사람,횡단중,횡단중,안전운전 의무 불이행,단일로,기타단일로,화물차,보행자,941565,1896532,126.8426896,37.06555812
2022,2022-09-15 9:00,주,목,1,0,0,0,0,충북,제천시,차대사람,차도통행중,차도통행중,안전운전 의무 불이행,교차로,교차로내,화물차,보행자,1062571,1903920,128.2044477,37.13188366
2022,2022-09-15 10:00,주,목,1,0,0,0,0,전남,곡성군,차량단독,기타,기타,안전운전 의무 불이행,기타,기타,이륜차,없음,981725,1698814,127.2990314,35.28465087
2022,2022-09-15 11:00,주,목,1,0,0,0,0,서울,양천구,차대차,기타,기타,중앙선 침범,교차로,교차로부근,자전거,승용차,942741,1947102,126.8520193,37.52143871
2022,2022-09-15 16:00,주,목,1,0,0,0,0,강원,평창군,차량단독,도로이탈,도로이탈 기타,안전운전 의무 불이행,단일로,지하차도(도로)내,자전거,없음,1087870,1931454,128.4924905,37.37800452
2022,2022-09-15 20:00,야,목,1,0,0,0,0,인천,중구,차대사람,횡단중,횡단중,보행자 보호의무 위반,교차로,교차로횡단보도내,승용차,보행자,911301,1944319,126.4966004,37.49386986
2022,2022-09-16 0:00,야,금,1,0,0,0,0,경기,의정부시,차대사람,횡단중,횡단중,안전운전 의무 불이행,단일로,기타단일로,승용차,보행자,960739,1966850,127.0546295,37.70037367
2022,2022-09-16 4:00,야,금,1,0,0,0,0,충남,서산시,차대차,추돌,추돌,안전운전 의무 불이행,단일로,기타단일로,화물차,원동기장치자전거,911735,1865607,126.5107905,36.7844914
2022,2022-09-16 5:00,야,금,1,0,0,0,0,충남,천안시,차대사람,횡단중,횡단중,보행자 보호의무 위반,단일로,기타단일로,승용차,보행자,967538,1879029,127.1355946,36.90904059
2022,2022-09-16 9:00,주,금,1,0,0,0,0,경남,창원시(통합),차대차,정면충돌,정면충돌,안전운전 의무 불이행,교차로,교차로내,승용차,이륜차,1098026,1690421,128.5769008,35.20434836
2022,2022-09-16 10:00,주,금,1,0,0,0,0,충남,보령시,차량단독,기타,기타,안전운전 의무 불이행,단일로,기타단일로,화물차,없음,918263,1814027,126.5894141,36.32013719
2022,2022-09-16 11:00,주,금,1,2,0,2,0,전북,전주시,차대차,정면충돌,정면충돌,안전운전 의무 불이행,단일로,기타단일로,승용차,화물차,959439,1764356,127.0506702,35.8749418
2022,2022-09-16 11:00,주,금,1,7,2,5,0,경기,파주시,차대차,정면충돌,정면충돌,안전운전 의무 불이행,단일로,지하차도(도로)내,승용차,승합차,941244,1992604,126.8314026,37.93144079
2022,2022-09-16 13:00,주,금,1,0,0,0,0,전남,함평군,차량단독,공작물충돌,공작물충돌,안전운전 의무 불이행,단일로,기타단일로,화물차,없음,907179,1682985,126.4811092,35.13780224
2022,2022-09-16 15:00,주,금,1,1,1,0,0,전남,완도군,차량단독,공작물충돌,공작물충돌,안전운전 의무 불이행,단일로,기타단일로,화물차,없음,935243,1599365,126.7955751,34.38599055
2022,2022-09-16 19:00,야,금,1,1,0,1,0,경기,평택시,차대차,추돌,추돌,안전운전 의무 불이행,단일로,기타단일로,화물차,화물차,941687,1888922,126.8446515,36.99697077
2022,2022-09-16 22:00,야,금,1,0,0,0,0,전남,화순군,차량단독,기타,기타,안전운전 의무 불이행,단일로,기타단일로,승용차,없음,946261,1669343,126.9109673,35.01764207
2022,2022-09-16 23:00,야,금,1,0,0,0,0,경기,수원시,차량단독,공작물충돌,공작물충돌,안전운전 의무 불이행,단일로,기타단일로,승용차,없음,952933,1921454,126.9689878,37.29083896
2022,2022-09-17 0:00,야,토,1,0,0,0,0,전남,광양시,차량단독,기타,기타,안전운전 의무 불이행,교차로,교차로부근,승용차,없음,1016092,1660560,127.6762183,34.9397432
2022,2022-09-17 8:00,주,토,2,1,1,0,0,경북,안동시,차대차,정면충돌,정면충돌,중앙선 침범,단일로,기타단일로,승용차,승용차,1093291,1843993,128.5428949,36.58919395
2022,2022-09-17 14:00,주,토,1,0,0,0,0,인천,강화군,차대차,기타,기타,신호위반,교차로,교차로횡단보도내,승용차,자전거,906297,1975235,126.4360365,37.77198778
2022,2022-09-17 19:00,야,토,1,0,0,0,0,경남,진주시,차대사람,차도통행중,차도통행중,안전운전 의무 불이행,교차로,교차로부근,화물차,보행자,1056231,1687328,128.1175679,35.17967305
2022,2022-09-18 1:00,야,일,1,0,0,0,0,인천,서구,차대차,추돌,추돌,기타,교차로,교차로횡단보도내,승용차,자전거,926698,1943134,126.6708772,37.48454071
2022,2022-09-18 12:00,주,일,1,0,0,0,0,제주,서귀포시,차량단독,공작물충돌,공작물충돌,안전운전 의무 불이행,단일로,기타단일로,이륜차,없음,888048,1478363,126.2976482,33.29086669
2022,2022-09-18 14:00,주,일,1,0,0,0,0,충남,천안시,차대차,측면충돌,측면충돌,안전운전 의무 불이행,교차로,교차로부근,승합차,승용차,969757,1866796,127.1609911,36.79884008
2022,2022-09-18 15:00,주,일,1,1,0,1,0,충북,제천시,차대차,측면충돌,측면충돌,신호위반,단일로,고가도로위,화물차,이륜차,1055041,1903774,128.1196663,37.13104112
2022,2022-09-18 15:00,주,일,1,0,0,0,0,충남,서산시,차대차,측면충돌,측면충돌,신호위반,교차로,교차로내,승용차,화물차,915277,1867741,126.5502442,36.80404968
2022,2022-09-18 21:00,야,일,1,0,0,0,0,경기,오산시,차량단독,공작물충돌,공작물충돌,안전운전 의무 불이행,단일로,기타단일로,이륜차,없음,961567,1903500,127.0673192,37.1294012
2022,2022-09-18 22:00,야,일,1,0,0,0,0,경남,김해시,차량단독,도로이탈,도로이탈 추락,안전운전 의무 불이행,단일로,교량위,원동기장치자전거,없음,1116561,1705550,128.7826305,35.33875096
2022,2022-09-18 23:00,야,일,1,0,0,0,0,서울,강서구,차대사람,기타,기타,안전운전 의무 불이행,교차로,교차로부근,승용차,보행자,942930,1948455,126.8540529,37.53364508
2022,2022-09-19 2:00,야,월,1,0,0,0,0,울산,남구,차대사람,차도통행중,차도통행중,안전운전 의무 불이행,단일로,지하차도(도로)내,화물차,보행자,1167207,1726870,129.3440948,35.52369378
2022,2022-09-19 7:00,주,월,1,0,0,0,0,충남,홍성군,차대차,추돌,추돌,안전운전 의무 불이행,단일로,기타단일로,화물차,농기계,933035,1846027,126.7511976,36.60974061
2022,2022-09-19 9:00,주,월,1,0,0,0,0,세종,세종시,차대사람,횡단중,횡단중,안전운전 의무 불이행,교차로,교차로횡단보도내,승용차,보행자,980543,1830219,127.2828231,36.46938451
2022,2022-09-19 10:00,주,월,1,0,0,0,0,서울,마포구,차대사람,횡단중,횡단중,중앙선 침범,교차로,교차로횡단보도내,화물차,보행자,951416,1949251,126.9500446,37.54130587
2022,2022-09-19 10:00,주,월,1,0,0,0,0,경북,고령군,차량단독,공작물충돌,공작물충돌,안전운전 의무 불이행,교차로,교차로내,화물차,없음,1083351,1758172,128.4226652,35.81648496
2022,2022-09-19 15:00,주,월,1,0,0,0,0,강원,춘천시,차대차,정면충돌,정면충돌,중앙선 침범,단일로,기타단일로,자전거,이륜차,1025290,1997858,127.7879726,37.98034183
2022,2022-09-19 17:00,주,월,1,4,2,2,0,부산,부산진구,차대차,추돌,추돌,기타,단일로,고가도로위,승용차,승용차,1139617,1685179,129.0328027,35.15217249
2022,2022-09-19 17:00,주,월,1,2,1,1,0,강원,춘천시,차대차,측면충돌,측면충돌,안전운전 의무 불이행,단일로,기타단일로,화물차,승용차,1017945,1979580,127.7038821,37.81577725
2022,2022-09-19 19:00,야,월,1,0,0,0,0,경남,산청군,차대차,추돌,추돌,안전운전 의무 불이행,단일로,교량위,승용차,농기계,1044604,1699537,127.9905391,35.29034243
2022,2022-09-19 19:00,야,월,1,0,0,0,0,경남,함안군,차대차,측면충돌,측면충돌,안전운전 의무 불이행,단일로,기타단일로,이륜차,화물차,1077632,1695087,128.3533203,35.24820279
2022,2022-09-19 20:00,야,월,1,0,0,0,0,부산,사상구,차대사람,횡단중,횡단중,안전운전 의무 불이행,기타,기타,승합차,보행자,1135906,1689637,128.9928079,35.19286594
2022,2022-09-19 21:00,야,월,1,0,0,0,0,전북,진안군,차량단독,공작물충돌,공작물충돌,안전운전 의무 불이행,단일로,교량위,화물차,없음,982766,1746124,127.3094745,35.71124698
2022,2022-09-20 0:00,야,화,1,0,0,0,0,경기,용인시,차량단독,공작물충돌,공작물충돌,안전운전 의무 불이행,단일로,기타단일로,이륜차,없음,964494,1919469,127.099511,37.2734599
2022,2022-09-20 2:00,야,화,1,0,0,0,0,경기,수원시,차대차,추돌,추돌,안전운전 의무 불이행,단일로,기타단일로,화물차,개인형이동장치(PM),952373,1919499,126.9627953,37.27318886
2022,2022-09-20 6:00,주,화,1,0,0,0,0,경남,창원시(통합),차대차,기타,기타,안전운전 의무 불이행,교차로,교차로내,화물차,자전거,1103573,1691452,128.6379587,35.21308592
2022,2022-09-20 6:00,주,화,1,1,1,0,0,제주,제주시,차대차,기타,기타,안전운전 의무 불이행,기타,기타,화물차,농기계,931565,1506849,126.7628035,33.55142503
2022,2022-09-20 7:00,주,화,1,0,0,0,0,경기,김포시,차대차,정면충돌,정면충돌,중앙선 침범,기타,기타,승용차,승용차,918052,1961415,126.5710491,37.64856931
2022,2022-09-20 9:00,주,화,1,0,0,0,0,전남,순천시,차량단독,공작물충돌,공작물충돌,안전운전 의무 불이행,단일로,기타단일로,사륜오토바이(ATV),없음,974193,1676693,127.216896,35.08501862
2022,2022-09-20 11:00,주,화,1,1,0,1,0,전북,김제시,차대차,측면충돌,측면충돌,교차로 통행방법 위반,교차로,교차로내,화물차,화물차,944230,1756275,126.882759,35.8013379
2022,2022-09-20 16:00,주,화,1,1,0,1,0,경남,하동군,차대차,기타,기타,안전운전 의무 불이행,기타,기타,건설기계,화물차,1030097,1687889,127.8305727,35.18585496
2022,2022-09-20 18:00,야,화,1,0,0,0,0,충북,제천시,차대차,측면충돌,측면충돌,안전운전 의무 불이행,단일로,기타단일로,이륜차,화물차,1060588,1903726,128.1821081,37.13026559
2022,2022-09-20 19:00,야,화,1,0,0,0,0,경기,양주시,차량단독,공작물충돌,공작물충돌,안전운전 의무 불이행,단일로,기타단일로,승용차,없음,955364,1977178,126.9930238,37.79321321
2022,2022-09-20 21:00,야,화,1,0,0,0,0,충남,천안시,차대사람,횡단중,횡단중,기타,단일로,고가도로위,승용차,보행자,968503,1869011,127.146843,36.81876641
2022,2022-09-21 5:00,야,수,1,0,0,0,0,충남,천안시,차량단독,공작물충돌,공작물충돌,안전운전 의무 불이행,단일로,기타단일로,승용차,없음,971116,1878323,127.1757861,36.90279281
2022,2022-09-21 7:00,주,수,1,0,0,0,0,경기,양평군,차대사람,길가장자리구역통행중,길가장자리구역통행중,안전운전 의무 불이행,단일로,기타단일로,화물차,보행자,1000067,1943406,127.5007579,37.48990178
2022,2022-09-21 9:00,주,수,1,0,0,0,0,부산,해운대구,차대차,기타,기타,안전운전 의무 불이행,단일로,기타단일로,승용차,자전거,1147540,1692589,129.1210823,35.21783142
2022,2022-09-21 10:00,주,수,1,0,0,0,0,전남,순천시,차대차,추돌,추돌,안전운전 의무 불이행,단일로,기타단일로,이륜차,화물차,997119,1661638,127.4684473,34.94958779
2022,2022-09-21 15:00,주,수,1,0,0,0,0,제주,제주시,차대사람,기타,기타,안전운전 의무 불이행,단일로,기타단일로,화물차,보행자,900000,1494424,126.4242094,33.43688434