발생년,발생년월일시,주야,요일,사망자수,부상자수,중상자수,경상자수,부상신고자수,발생지시도,발생지시군구,사고유형_대분류,사고유형_중분류,사고유형,가해자법규위반,도로형태_대분류,도로형태,가해자_당사자종별,피해자_당사자종별,발생위치X_UTMK,발생위치Y_UTMK,경도,위도
2022,2022-10-23 19:00,야,일,1,0,0,0,0,전남,순천시,차대차,기타,기타,신호위반,교차로,교차로내,승용차,이륜차,998990,1663554,127.4889362,34.96686892
2022,2022-10-23 23:00,야,일,1,0,0,0,0,경북,포항시,차대차,측면충돌,측면충돌,안전운전 의무 불이행,단일로,기타단일로,승용차,이륜차,1167667,1782447,129.3608016,36.02445077
2022,2022-10-24 2:00,야,월,1,0,0,0,0,강원,속초시,차대사람,횡단중,횡단중,안전운전 의무 불이행,단일로,교량위,승용차,보행자,1094154,2021901,128.5752028,38.19246488
2022,2022-10-24 7:00,주,월,1,0,0,0,0,경북,청도군,차량단독,전도,전도,안전거리 미확보,단일로,기타단일로,승용차,없음,1132405,1757775,128.9654795,35.80751332
2022,2022-10-24 8:00,주,월,1,0,0,0,0,경기,용인시,차대차,측면충돌,측면충돌,안전운전 의무 불이행,교차로,교차로내,승용차,이륜차,972287,1914404,127.1875991,37.22806916
2022,2022-10-24 9:00,주,월,1,4,4,0,0,경북,포항시,차대차,정면충돌,정면충돌,중앙선 침범,단일로,기타단일로,승용차,승용차,1182957,1767254,129.5268997,35.88480408
2022,2022-10-24 9:00,주,월,1,0,0,0,0,대전,대덕구,차대차,기타,기타,안전운전 의무 불이행,교차로,교차로횡단보도내,건설기계,자전거,992394,1817913,127.4152231,36.35860952
2022,2022-10-24 11:00,주,월,1,0,0,0,0,경기,안성시,차대사람,기타,기타,안전운전 의무 불이행,단일로,기타단일로,화물차,보행자,994557,1894776,127.4387849,37.05153435
2022,2022-10-24 11:00,주,월,1,2,0,2,0,경북,상주시,차대차,추돌,추돌,안전거리 미확보,단일로,기타단일로,화물차,화물차,1069340,1821417,128.2731488,36.38772725
2022,2022-10-24 14:00,주,월,1,0,0,0,0,충남,금산군,차대차,측면충돌,측면충돌,안전운전 의무 불이행,단일로,기타단일로,승용차,승용차,988740,1805643,127.3746726,36.24795393
2022,2022-10-24 16:00,주,월,1,0,0,0,0,서울,송파구,차대차,측면충돌,측면충돌,안전운전 의무 불이행,교차로,교차로횡단보도내,자전거,건설기계,965955,1946223,127.1147577,37.51466502
2022,2022-10-24 18:00,야,월,1,0,0,0,0,경기,포천시,차대차,추돌,추돌,안전운전 의무 불이행,단일로,기타단일로,이륜차,화물차,974430,2001413,127.2087124,38.01237445
2022,2022-10-24 20:00,야,월,1,0,0,0,0,전남,광양시,차대차,추돌,추돌,안전운전 의무 불이행,단일로,기타단일로,화물차,이륜차,1011823,1663305,127.6295089,34.96455502
2022,2022-10-25 5:00,야,화,1,0,0,0,0,전북,완주군,차량단독,공작물충돌,공작물충돌,안전운전 의무 불이행,단일로,기타단일로,이륜차,없음,966176,1768547,127.1251222,35.91298344
2022,2022-10-25 9:00,주,화,1,3,1,1,1,경기,화성시,차대차,추돌,추돌,안전운전 의무 불이행,단일로,기타단일로,화물차,화물차,940971,1901008,126.8356563,37.10586619
2022,2022-10-25 10:00,주,화,1,15,5,2,8,경남,창녕군,차대차,추돌,추돌,안전운전 의무 불이행,단일로,기타단일로,화물차,승합차,1088619,1730199,128.4778895,35.56384415
2022,2022-10-25 12:00,주,화,1,0,0,0,0,경기,동두천시,차대차,기타,기타,안전거리 미확보,교차로,교차로부근,건설기계,자전거,961450,1994171,127.0612393,37.94664549
2022,2022-10-25 16:00,주,화,1,0,0,0,0,서울,구로구,차대차,측면충돌,측면충돌,안전거리 미확보,단일로,기타단일로,승용차,이륜차,945632,1943318,126.8850138,37.48750795
2022,2022-10-25 19:00,야,화,1,0,0,0,0,경기,안산시,차대차,추돌,추돌,안전운전 의무 불이행,단일로,지하차도(도로)내,이륜차,화물차,942850,1921049,126.855268,37.28662354
2022,2022-10-25 20:00,야,화,1,4,0,4,0,서울,강동구,차대차,기타,기타,안전운전 의무 불이행,단일로,기타단일로,승용차,승용차,966875,1948856,127.1250492,37.53843089
2022,2022-10-26 1:00,야,수,1,0,0,0,0,대전,대덕구,차대차,후진중충돌,후진중충돌,기타,단일로,기타단일로,특수차,특수차,992794,1826606,127.4196008,36.4369829
2022,2022-10-26 1:00,야,수,1,1,1,0,0,전북,전주시,차대차,기타,기타,안전운전 의무 불이행,단일로,기타단일로,승용차,화물차,959811,1764577,127.0547799,35.87694964
2022,2022-10-26 2:00,야,수,1,0,0,0,0,경북,포항시,차대사람,차도통행중,차도통행중,기타,단일로,기타단일로,승용차,보행자,1165935,1790275,129.3432334,36.09528696
2022,2022-10-26 6:00,주,수,1,0,0,0,0,서울,양천구,차대사람,기타,기타,안전운전 의무 불이행,기타,기타,승용차,보행자,943664,1947196,126.8624568,37.52234278
2022,2022-10-26 12:00,주,수,1,0,0,0,0,경기,평택시,차대차,추돌,추돌,안전운전 의무 불이행,단일로,기타단일로,화물차,화물차,945878,1895216,126.8912969,37.05395483
2022,2022-10-26 12:00,주,수,1,0,0,0,0,전북,전주시,차대사람,횡단중,횡단중,신호위반,교차로,교차로횡단보도내,이륜차,보행자,966224,1755369,127.1262123,35.79417263
2022,2022-10-26 13:00,주,수,1,0,0,0,0,경기,화성시,차대차,추돌,추돌,안전운전 의무 불이행,단일로,기타단일로,화물차,특수차,963819,1907774,127.092465,37.16801675
2022,2022-10-26 18:00,야,수,1,0,0,0,0,전남,나주시,차대사람,횡단중,횡단중,안전운전 의무 불이행,교차로,교차로내,승용차,보행자,926135,1663298,126.6909197,34.96186595
2022,2022-10-26 21:00,야,수,1,0,0,0,0,경북,구미시,차대차,기타,기타,안전운전 의무 불이행,교차로,교차로내,승합차,이륜차,1078463,1791744,128.371884,36.11953795
2022,2022-10-26 23:00,야,수,1,1,1,0,0,광주,서구,차대차,정면충돌,정면충돌,신호위반,교차로,교차로내,승용차,이륜차,940982,1683875,126.852072,35.14837874
2022,2022-10-27 1:00,야,목,1,0,0,0,0,충북,청주시,차대차,기타,기타,교차로 통행방법 위반,기타,기타,승용차,이륜차,999078,1850423,127.4896845,36.65172268
2022,2022-10-27 4:00,야,목,1,0,0,0,0,서울,강북구,차대사람,횡단중,횡단중,기타,단일로,기타단일로,승용차,보행자,958231,1958581,127.0266535,37.62573339
2022,2022-10-27 5:00,야,목,1,0,0,0,0,대구,수성구,차대사람,횡단중,횡단중,기타,교차로,교차로내,승용차,보행자,1103807,1758648,128.6491307,35.81882466
2022,2022-10-27 6:00,주,목,1,0,0,0,0,충북,청주시,차대차,측면충돌,측면충돌,기타,교차로,교차로내,자전거,승용차,994751,1847669,127.4412922,36.62688142
2022,2022-10-27 7:00,주,목,1,0,0,0,0,경북,경산시,차대사람,기타,기타,안전운전 의무 불이행,단일로,기타단일로,승용차,보행자,1118780,1765832,128.8159128,35.88188109
2022,2022-10-27 9:00,주,목,1,0,0,0,0,충남,태안군,차량단독,기타,기타,안전운전 의무 불이행,단일로,기타단일로,농기계,없음,896749,1829387,126.3477364,36.45651922
2022,2022-10-27 9:00,주,목,1,1,0,0,1,경남,창원시(통합),차대차,정면충돌,정면충돌,중앙선 침범,단일로,기타단일로,승용차,승용차,1103804,1692122,128.6405807,35.21910231
2022,2022-10-27 11:00,주,목,1,0,0,0,0,전남,순천시,차량단독,공작물충돌,공작물충돌,안전운전 의무 불이행,단일로,기타단일로,특수차,없음,998187,1667579,127.4801311,35.00316309
2022,2022-10-27 12:00,주,목,1,0,0,0,0,전북,임실군,차대사람,길가장자리구역통행중,길가장자리구역통행중,기타,단일로,지하차도(도로)내,승용차,보행자,979218,1742084,127.2703553,35.67475251
2022,2022-10-27 13:00,주,목,1,0,0,0,0,인천,미추홀구,차대사람,횡단중,횡단중,안전운전 의무 불이행,교차로,교차로내,화물차,보행자,923585,1940118,126.6359825,37.45710612
2022,2022-10-27 13:00,주,목,1,2,1,1,0,인천,강화군,차량단독,공작물충돌,공작물충돌,안전운전 의무 불이행,단일로,기타단일로,승용차,없음,905146,1966743,126.4240774,37.69534159
2022,2022-10-27 14:00,주,목,1,0,0,0,0,전남,무안군,차대사람,기타,기타,안전운전 의무 불이행,기타,기타,화물차,보행자,907994,1651006,126.4935901,34.84955283
2022,2022-10-27 14:00,주,목,1,0,0,0,0,경북,영천시,차대차,추돌,추돌,안전운전 의무 불이행,단일로,기타단일로,이륜차,화물차,1134053,1777411,128.9870213,35.98427011
2022,2022-10-27 14:00,주,목,1,0,0,0,0,경기,가평군,차량단독,공작물충돌,공작물충돌,안전운전 의무 불이행,교차로,교차로부근,이륜차,없음,1002066,1981418,127.5234782,37.83251756
2022,2022-10-27 15:00,주,목,1,0,0,0,0,경남,창녕군,차대사람,기타,기타,안전운전 의무 불이행,교차로,교차로횡단보도내,승용차,보행자,1093493,1718423,128.5303081,35.45723276
2022,2022-10-27 17:00,주,목,1,0,0,0,0,경기,양평군,차량단독,도로이탈,도로이탈 추락,안전운전 의무 불이행,단일로,기타단일로,사륜오토바이(ATV),없음,1008018,1955246,127.5908287,37.59658786
2022,2022-10-27 17:00,주,목,1,0,0,0,0,경북,성주군,차대사람,횡단중,횡단중,보행자 보호의무 위반,교차로,교차로내,화물차,보행자,1070170,1769812,128.2777944,35.92245451
2022,2022-10-27 18:00,야,목,1,0,0,0,0,경북,구미시,차대차,정면충돌,정면충돌,안전운전 의무 불이행,단일로,기타단일로,화물차,승용차,1072422,1804810,128.305968,36.23779482
2022,2022-10-27 19:00,야,목,1,0,0,0,0,경북,경주시,차량단독,공작물충돌,공작물충돌,안전운전 의무 불이행,단일로,기타단일로,이륜차,없음,1146603,1760668,129.1231022,35.83156873
2022,2022-10-28 11:00,주,금,1,0,0,0,0,서울,성북구,차대차,측면충돌,측면충돌,중앙선 침범,불명,불명,건설기계,이륜차,961026,1957373,127.0583913,37.61496824
2022,2022-10-28 11:00,주,금,1,2,0,2,0,경기,의왕시,차대차,추돌,추돌,안전운전 의무 불이행,단일로,기타단일로,승용차,화물차,956003,1933492,127.0029076,37.39949456
2022,2022-10-28 11:00,주,금,1,0,0,0,0,대전,동구,차대사람,횡단중,횡단중,보행자 보호의무 위반,교차로,교차로횡단보도내,승용차,보행자,993709,1816707,127.4298899,36.34774644
2022,2022-10-28 12:00,주,금,1,0,0,0,0,부산,기장군,차대사람,기타,기타,안전운전 의무 불이행,기타,기타,화물차,보행자,1147400,1704492,129.121682,35.32513874
2022,2022-10-28 12:00,주,금,1,0,0,0,0,전북,전주시,차대사람,횡단중,횡단중,보행자 보호의무 위반,교차로,교차로횡단보도내,화물차,보행자,968407,1758529,127.1502455,35.82273606
2022,2022-10-28 13:00,주,금,1,0,0,0,0,부산,동래구,차대사람,횡단중,횡단중,안전운전 의무 불이행,교차로,교차로부근,특수차,보행자,1143894,1692522,129.0810243,35.21775724
2022,2022-10-28 15:00,주,금,1,0,0,0,0,충북,충주시,차량단독,공작물충돌,공작물충돌,안전운전 의무 불이행,단일로,기타단일로,승용차,없음,1019482,1891174,127.7190118,37.01887827
2022,2022-10-28 15:00,주,금,1,1,0,1,0,경북,경산시,차대차,정면충돌,정면충돌,중앙선 침범,단일로,기타단일로,승용차,화물차,1119068,1764500,128.8189037,35.8698398
2022,2022-10-28 15:00,주,금,1,0,0,0,0,광주,서구,차대차,측면충돌,측면충돌,신호위반,교차로,교차로내,이륜차,화물차,946205,1683916,126.9094071,35.14904147
2022,2022-10-28 16:00,주,금,1,0,0,0,0,경기,성남시,차대차,기타,기타,안전운전 의무 불이행,교차로,교차로내,자전거,승합차,966957,1931951,127.1267356,37.38606007
2022,2022-10-28 16:00,주,금,1,1,0,1,0,경북,경산시,차대차,추돌,추돌,기타,교차로,교차로내,승용차,원동기장치자전거,1119237,1767304,128.821195,35.8950937
2022,2022-10-28 17:00,주,금,1,0,0,0,0,전북,순창군,차량단독,전도,전도,안전운전 의무 불이행,교차로,교차로부근,농기계,없음,977543,1720153,127.2524556,35.47697499
2022,2022-10-28 17:00,주,금,1,0,0,0,0,제주,제주시,차대차,기타,기타,기타,교차로,교차로부근,승용차,화물차,879347,1483103,126.2035879,33.33267113
2022,2022-10-28 18:00,야,금,1,1,0,1,0,전북,완주군,차대차,정면충돌,정면충돌,중앙선 침범,단일로,기타단일로,이륜차,승용차,969209,1770670,127.1586547,35.93222444
2022,2022-10-28 19:00,야,금,1,0,0,0,0,충북,제천시,차대사람,횡단중,횡단중,안전운전 의무 불이행,교차로,교차로부근,화물차,보행자,1065713,1912839,128.2406031,37.21205882
2022,2022-10-29 0:00,야,토,1,0,0,0,0,경기,수원시,차대차,측면충돌,측면충돌,신호위반,교차로,교차로부근,승용차,이륜차,960081,1918317,127.0497978,37.26289721
2022,2022-10-29 11:00,주,토,1,0,0,0,0,경남,창원시(통합),차량단독,도로이탈,도로이탈 추락,안전운전 의무 불이행,교차로,교차로부근,농기계,없음,1079271,1684064,128.3702734,35.14868994
2022,2022-10-29 13:00,주,토,1,0,0,0,0,전북,부안군,차대차,측면충돌,측면충돌,안전운전 의무 불이행,단일로,지하차도(도로)내,승용차,이륜차,924647,1737412,126.6678097,35.62997211
2022,2022-10-29 14:00,주,토,1,1,0,1,0,부산,사하구,차대차,기타,기타,기타,단일로,지하차도(도로)내,건설기계,승용차,1133060,1681328,128.9602171,35.11834765
2022,2022-10-29 16:00,주,토,1,0,0,0,0,서울,송파구,차대차,기타,기타,기타,단일로,기타단일로,승용차,이륜차,968677,1944427,127.145635,37.49857325
2022,2022-10-29 16:00,주,토,1,0,0,0,0,경북,의성군,차량단독,공작물충돌,공작물충돌,안전운전 의무 불이행,단일로,기타단일로,화물차,없음,1086286,1826211,128.4626099,36.42956827
2022,2022-10-29 20:00,야,토,1,0,0,0,0,인천,미추홀구,차대사람,횡단중,횡단중,안전운전 의무 불이행,단일로,기타단일로,승용차,보행자,926268,1940937,126.666234,37.46470547
2022,2022-10-29 22:00,야,토,1,0,0,0,0,경기,동두천시,차대사람,횡단중,횡단중,기타,교차로,교차로내,승용차,보행자,961129,1988880,127.0578715,37.89894535
2022,2022-10-30 9:00,주,일,1,0,0,0,0,전남,고흥군,차량단독,기타,기타,안전운전 의무 불이행,단일로,기타단일로,승용차,없음,985453,1629315,127.3412415,34.65800834
2022,2022-10-30 12:00,주,일,1,1,0,1,0,전북,익산시,차대차,기타,기타,안전운전 의무 불이행,단일로,기타단일로,화물차,화물차,954649,1789939,126.9961444,36.10537797
2022,2022-10-30 17:00,주,일,1,2,1,0,1,대구,달성군,차대차,정면충돌,정면충돌,신호위반,교차로,교차로내,이륜차,승용차,1083745,1737427,128.4248619,35.6294315
2022,2022-10-30 18:00,야,일,1,0,0,0,0,경기,화성시,차대사람,차도통행중,차도통행중,안전운전 의무 불이행,단일로,기타단일로,승용차,보행자,954019,1906921,126.9821361,37.15989696
2022,2022-10-30 22:00,야,일,1,0,0,0,0,경기,안양시,차대차,기타,기타,신호위반,교차로,교차로내,승용차,이륜차,951170,1932373,126.948379,37.38916639
2022,2022-10-31 1:00,야,월,2,0,0,0,0,경기,평택시,차량단독,공작물충돌,공작물충돌,안전운전 의무 불이행,교차로,교차로부근,승용차,없음,947866,1883909,126.9144368,36.95214668
2022,2022-10-31 9:00,주,월,1,1,0,0,1,전남,강진군,차량단독,도로이탈,도로이탈 추락,안전운전 의무 불이행,교차로,교차로내,농기계,없음,936383,1606908,126.8074145,34.45408138
2022,2022-10-31 12:00,주,월,1,1,1,0,0,경북,경주시,차대차,측면충돌,측면충돌,중앙선 침범,단일로,기타단일로,승용차,승용차,1160716,1778901,129.2829724,35.99366787
2022,2022-10-31 14:00,주,월,1,0,0,0,0,경북,영천시,차대사람,차도통행중,차도통행중,안전운전 의무 불이행,교차로,교차로내,화물차,보행자,1119841,1780350,128.8298557,36.01261109
2022,2022-10-31 20:00,야,월,1,0,0,0,0,대구,동구,차대사람,횡단중,횡단중,안전운전 의무 불이행,단일로,기타단일로,승용차,보행자,1110413,1764148,128.7230047,35.86768106
2022,2022-10-31 23:00,야,월,1,0,0,0,0,인천,미추홀구,차대차,측면충돌,측면충돌,신호위반,교차로,교차로내,승용차,이륜차,924595,1940631,126.6473488,37.46181259
2022,2022-11-01 4:00,야,화,1,0,0,0,0,경기,안성시,차량단독,공작물충돌,공작물충돌,안전운전 의무 불이행,교차로,교차로내,승용차,없음,1001422,1900358,127.5160032,37.10186695
2022,2022-11-01 8:00,주,화,1,0,0,0,0,충남,홍성군,차대차,정면충돌,정면충돌,중앙선 침범,단일로,기타단일로,화물차,건설기계,928943,1841770,126.705838,36.57107095
2022,2022-11-01 11:00,주,화,1,1,1,0,0,광주,광산구,차대사람,기타,기타,기타,단일로,기타단일로,승용차,보행자,937035,1686877,126.8085136,35.17520695
2022,2022-11-01 12:00,주,화,1,2,2,0,0,경남,함안군,차대차,추돌,추돌,안전운전 의무 불이행,단일로,기타단일로,화물차,화물차,1091566,1699438,128.5069468,35.2862531
2022,2022-11-01 13:00,주,화,1,4,2,2,0,강원,영월군,차대차,정면충돌,정면충돌,신호위반,단일로,교량위,승용차,화물차,1078695,1910297,128.386631,37.18814258
2022,2022-11-01 14:00,주,화,1,0,0,0,0,부산,서구,차대차,추돌,추돌,안전운전 의무 불이행,단일로,터널안,이륜차,승용차,1136996,1682528,129.003597,35.12863664
2022,2022-11-01 15:00,주,화,1,0,0,0,0,충남,예산군,차량단독,공작물충돌,공작물충돌,안전운전 의무 불이행,단일로,기타단일로,화물차,없음,931304,1860384,126.7305555,36.73903301
2022,2022-11-01 15:00,주,화,1,0,0,0,0,전북,정읍시,차량단독,전도,전도,안전운전 의무 불이행,단일로,기타단일로,농기계,없음,950247,1746931,126.9499301,35.71741687
2022,2022-11-01 15:00,주,화,1,0,0,0,0,전남,순천시,차대사람,기타,기타,안전운전 의무 불이행,교차로,교차로부근,화물차,보행자,990208,1668810,127.3926738,35.01421772
2022,2022-11-01 16:00,주,화,1,1,1,0,0,경남,하동군,차대차,정면충돌,정면충돌,중앙선 침범,단일로,기타단일로,승용차,화물차,1033656,1679481,127.8693199,35.10992674
2022,2022-11-01 18:00,야,화,1,0,0,0,0,전남,영암군,차대차,추돌,추돌,안전운전 의무 불이행,단일로,기타단일로,승용차,원동기장치자전거,915984,1645272,126.5815526,34.79854376
2022,2022-11-01 19:00,야,화,1,0,0,0,0,대구,동구,차대차,측면충돌,측면충돌,안전운전 의무 불이행,단일로,기타단일로,화물차,원동기장치자전거,1100853,1765582,128.6173125,35.88163901
2022,2022-11-01 20:00,야,화,1,0,0,0,0,서울,광진구,차대사람,기타,기타,기타,단일로,기타단일로,승용차,보행자,962745,1952110,127.0781364,37.56760261
2022,2022-11-02 4:00,야,수,1,0,0,0,0,경남,통영시,차대사람,횡단중,횡단중,기타,교차로,교차로횡단보도내,승합차,보행자,1083881,1651957,128.4176402,34.85883044
2022,2022-11-02 11:00,주,수,1,0,0,0,0,경기,고양시,차대사람,길가장자리구역통행중,길가장자리구역통행중,안전운전 의무 불이행,교차로,교차로내,승용차,보행자,947437,1963423,126.9039875,37.66882001
2022,2022-11-02 13:00,주,수,1,2,0,2,0,경기,양주시,차대차,추돌,추돌,안전운전 의무 불이행,단일로,터널안,화물차,화물차,952988,1967628,126.9666563,37.70702089
2022,2022-11-02 14:00,주,수,1,0,0,0,0,충남,부여군,차량단독,도로이탈,도로이탈 추락,안전운전 의무 불이행,단일로,기타단일로,농기계,없음,940485,1810502,126.8372281,36.28998925
2022,2022-11-02 16:00,주,수,1,0,0,0,0,경기,부천시,차량단독,공작물충돌,공작물충돌,안전운전 의무 불이행,단일로,기타단일로,개인형이동장치(PM),없음,937702,1942765,126.7953659,37.4820228
2022,2022-11-02 21:00,야,수,1,0,0,0,0,부산,강서구,차량단독,공작물충돌,공작물충돌,안전운전 의무 불이행,교차로,교차로내,이륜차,없음,1124496,1677945,128.8657503,35.08894653
2022,2022-11-02 22:00,야,수,2,0,0,0,0,경기,평택시,차대차,기타,기타,안전운전 의무 불이행,단일로,기타단일로,승용차,이륜차,960806,1888756,127.0595211,36.99646623
2022,2022-11-03 6:00,주,목,1,0,0,0,0,경북,영천시,차대사람,횡단중,횡단중,안전운전 의무 불이행,교차로,교차로부근,승용차,보행자,1130787,1775867,128.9505481,35.97079743
2022,2022-11-03 16:00,주,목,1,0,0,0,0,경기,양주시,차대차,측면충돌,측면충돌,안전거리 미확보,단일로,기타단일로,화물차,농기계,962187,1976085,127.0705743,37.78367001
2022,2022-11-03 18:00,야,목,1,0,0,0,0,전남,해남군,차대차,측면충돌,측면충돌,교차로 통행방법 위반,교차로,교차로내,승용차,화물차,894471,1634359,126.3477817,34.69815055
2022,2022-11-03 21:00,야,목,1,1,0,1,0,강원,춘천시,차대차,측면충돌,측면충돌,신호위반,교차로,교차로내,이륜차,승용차,1020358,1984439,127.731434,37.85952115
2022,2022-11-04 11:00,주,금,1,0,0,0,0,충북,충주시,차대사람,기타,기타,안전운전 의무 불이행,단일로,기타단일로,승용차,보행자,1039174,1884286,127.9400221,36.95617359
2022,2022-11-04 13:00,주,금,1,0,0,0,0,충남,당진시,차대차,측면충돌,측면충돌,교차로 통행방법 위반,교차로,교차로내,승용차,원동기장치자전거,933426,1882740,126.7523625,36.94069918
2022,2022-11-04 13:00,주,금,1,1,1,0,0,전북,장수군,차대차,정면충돌,정면충돌,중앙선 침범,단일로,기타단일로,승용차,화물차,1001158,1727314,127.512775,35.54179664
2022,2022-11-04 14:00,주,금,1,0,0,0,0,부산,부산진구,차대사람,횡단중,횡단중,보행자 보호의무 위반,교차로,교차로횡단보도내,화물차,보행자,1142142,1686703,129.060777,35.16555578
2022,2022-11-04 14:00,주,금,1,0,0,0,0,경북,상주시,차대차,기타,기타,안전운전 의무 불이행,단일로,지하차도(도로)내,이륜차,승합차,1058330,1821308,128.1503857,36.38747614
2022,2022-11-04 15:00,주,금,1,0,0,0,0,제주,서귀포시,차량단독,공작물충돌,공작물충돌,안전운전 의무 불이행,기타,기타,원동기장치자전거,없음,941735,1487494,126.8736076,33.37746298
2022,2022-11-04 17:00,주,금,1,0,0,0,0,전북,고창군,차대사람,기타,기타,안전운전 의무 불이행,단일로,기타단일로,화물차,보행자,924030,1716100,126.6629946,35.43778274
2022,2022-11-04 19:00,야,금,1,0,0,0,0,경기,화성시,차대사람,기타,기타,안전운전 의무 불이행,교차로,교차로횡단보도내,승용차,보행자,931191,1911799,126.7246029,37.20246171
2022,2022-11-04 19:00,야,금,1,0,0,0,0,경기,파주시,차대차,정면충돌,정면충돌,기타,교차로,교차로내,승용차,이륜차,932823,1970258,126.7376606,37.72946719
2022,2022-11-05 0:00,야,토,1,0,0,0,0,경기,고양시,차대차,측면충돌,측면충돌,신호위반,교차로,교차로내,승용차,이륜차,936018,1964165,126.7744509,37.67478211
2022,2022-11-05 17:00,주,토,1,0,0,0,0,충북,충주시,차대사람,차도통행중,차도통행중,안전운전 의무 불이행,단일로,지하차도(도로)내,화물차,보행자,1037980,1886230,127.9267086,36.9737462
2022,2022-11-05 19:00,야,토,1,0,0,0,0,강원,평창군,차량단독,공작물충돌,공작물충돌,안전운전 의무 불이행,단일로,지하차도(도로)내,승용차,없음,1076764,1957259,128.3697556,37.61156175
2022,2022-11-05 19:00,야,토,1,0,0,0,0,경북,경주시,차대사람,횡단중,횡단중,안전운전 의무 불이행,단일로,기타단일로,승용차,보행자,1164272,1754811,129.3174363,35.77598675
2022,2022-11-06 0:00,야,일,1,0,0,0,0,경기,용인시,차대차,추돌,추돌,안전운전 의무 불이행,교차로,교차로부근,원동기장치자전거,특수차,964315,1924737,127.0972389,37.32093751
2022,2022-11-06 3:00,야,일,1,0,0,0,0,경기,안양시,차대사람,횡단중,횡단중,안전운전 의무 불이행,교차로,교차로횡단보도내,승용차,보행자,947835,1933880,126.9105997,37.40256777
2022,2022-11-06 5:00,야,일,1,0,0,0,0,전북,고창군,차대사람,횡단중,횡단중,안전운전 의무 불이행,단일로,기타단일로,화물차,보행자,929249,1715175,126.7205708,35.42982787
2022,2022-11-06 8:00,주,일,1,0,0,0,0,부산,강서구,차량단독,기타,기타,안전운전 의무 불이행,단일로,기타단일로,이륜차,없음,1127545,1682503,128.8998924,35.12965368
2022,2022-11-06 9:00,주,일,1,0,0,0,0,전북,순창군,차대차,측면충돌,측면충돌,안전운전 의무 불이행,교차로,교차로내,승용차,사륜오토바이(ATV),967914,1708962,127.1467571,35.37580547
2022,2022-11-06 10:00,주,일,1,0,0,0,0,경기,화성시,차대차,추돌,추돌,안전운전 의무 불이행,단일로,터널안,화물차,건설기계,929457,1910446,126.7051923,37.19013726
2022,2022-11-06 12:00,주,일,1,1,1,0,0,경북,예천군,차량단독,도로이탈,도로이탈 추락,안전운전 의무 불이행,단일로,기타단일로,승용차,없음,1081058,1841426,128.4058891,36.56717321
2022,2022-11-06 18:00,야,일,1,0,0,0,0,충남,논산시,차대사람,기타,기타,안전운전 의무 불이행,단일로,기타단일로,화물차,보행자,960530,1797769,127.0610882,36.17622602
2022,2022-11-06 18:00,야,일,1,0,0,0,0,제주,제주시,차대사람,횡단중,횡단중,기타,단일로,기타단일로,화물차,보행자,914215,1503643,126.5762322,33.52125816
2022,2022-11-07 7:00,주,월,1,0,0,0,0,충북,옥천군,차량단독,도로이탈,도로이탈 추락,안전운전 의무 불이행,단일로,기타단일로,건설기계,없음,1010681,1819526,127.6190731,36.37312208
2022,2022-11-07 7:00,주,월,1,0,0,0,0,전북,익산시,차량단독,공작물충돌,공작물충돌,안전운전 의무 불이행,단일로,기타단일로,특수차,없음,962935,1772069,127.0890381,35.94461964
2022,2022-11-07 8:00,주,월,1,0,0,0,0,충남,태안군,차대사람,횡단중,횡단중,신호위반,단일로,기타단일로,건설기계,보행자,893813,1847098,126.3125389,36.61583118
2022,2022-11-07 10:00,주,월,1,0,0,0,0,경북,문경시,차대차,추돌,추돌,안전운전 의무 불이행,단일로,기타단일로,화물차,이륜차,1064351,1843676,128.219378,36.58872801
2022,2022-11-07 11:00,주,월,1,0,0,0,0,서울,중랑구,차대사람,기타,기타,안전운전 의무 불이행,단일로,기타단일로,화물차,보행자,963017,1954252,127.0811082,37.58692008
2022,2022-11-07 17:00,주,월,2,0,0,0,0,경남,고성군,차량단독,도로이탈,도로이탈 추락,안전운전 의무 불이행,단일로,기타단일로,화물차,없음,1076315,1679912,128.3374408,35.11148307
2022,2022-11-07 18:00,야,월,1,0,0,0,0,경북,성주군,차대사람,차도통행중,차도통행중,안전운전 의무 불이행,단일로,기타단일로,화물차,보행자,1073074,1765836,128.3096155,35.8863973
2022,2022-11-07 18:00,야,월,1,0,0,0,0,경남,산청군,차량단독,공작물충돌,공작물충돌,안전운전 의무 불이행,단일로,기타단일로,화물차,없음,1032247,1728702,127.8557984,35.55378745
2022,2022-11-07 21:00,야,월,1,0,0,0,0,경기,광주시,차대사람,차도통행중,차도통행중,안전운전 의무 불이행,단일로,기타단일로,승용차,보행자,979618,1933839,127.2697049,37.40344298
2022,2022-11-07 22:00,야,월,1,2,1,1,0,충북,괴산군,차대차,추돌,추돌,안전운전 의무 불이행,단일로,기타단일로,화물차,화물차,1035342,1875773,127.8965826,36.87958623