발생년,발생년월일시,주야,요일,사망자수,부상자수,중상자수,경상자수,부상신고자수,발생지시도,발생지시군구,사고유형_대분류,사고유형_중분류,사고유형,가해자법규위반,도로형태_대분류,도로형태,가해자_당사자종별,피해자_당사자종별,발생위치X_UTMK,발생위치Y_UTMK,경도,위도
2022,2022-11-24 5:00,야,목,1,0,0,0,0,울산,동구,차대사람,횡단중,횡단중,신호위반,교차로,교차로횡단보도내,이륜차,보행자,1174618,1728973,129.426242,35.54136796
2022,2022-11-24 8:00,주,목,1,0,0,0,0,부산,금정구,차대차,후진중충돌,후진중충돌,기타,단일로,기타단일로,화물차,화물차,1146160,1692410,129.1058932,35.21642005
2022,2022-11-24 12:00,주,목,1,2,0,0,2,경남,사천시,차대차,정면충돌,정면충돌,중앙선 침범,단일로,기타단일로,승용차,화물차,1055525,1659591,128.107958,34.92961198
2022,2022-11-24 13:00,주,목,1,0,0,0,0,부산,중구,차대사람,횡단중,횡단중,안전운전 의무 불이행,교차로,교차로부근,승합차,보행자,1138999,1679598,129.0250817,35.10195073
2022,2022-11-24 14:00,주,목,1,0,0,0,0,경기,김포시,차량단독,공작물충돌,공작물충돌,안전운전 의무 불이행,기타,기타,승합차,없음,926952,1963259,126.6717434,37.6659396
2022,2022-11-24 15:00,주,목,1,0,0,0,0,인천,서구,차대차,정면충돌,정면충돌,안전운전 의무 불이행,교차로,교차로내,사륜오토바이(ATV),이륜차,927839,1943616,126.6837347,37.48897473
2022,2022-11-24 16:00,주,목,1,2,2,0,0,전북,군산시,차량단독,공작물충돌,공작물충돌,안전운전 의무 불이행,단일로,기타단일로,승용차,없음,924919,1774553,126.6673267,35.96483001
2022,2022-11-24 17:00,주,목,1,1,0,0,1,경기,포천시,차대차,추돌,추돌,안전거리 미확보,단일로,기타단일로,화물차,화물차,970122,1981702,127.1604553,37.83459019
2022,2022-11-24 19:00,야,목,1,1,0,1,0,충북,청주시,차대차,정면충돌,정면충돌,신호위반,교차로,교차로내,이륜차,화물차,1000917,1847568,127.5102561,36.62598493
2022,2022-11-25 8:00,주,금,1,0,0,0,0,충북,충주시,차대사람,횡단중,횡단중,안전운전 의무 불이행,단일로,기타단일로,승합차,보행자,1038578,1885946,127.9334125,36.97116183
2022,2022-11-25 12:00,주,금,1,0,0,0,0,강원,속초시,차대차,추돌,추돌,안전운전 의무 불이행,단일로,기타단일로,화물차,이륜차,1095842,2021827,128.5944659,38.19161998
2022,2022-11-25 14:00,주,금,1,1,1,0,0,전남,장성군,차대차,정면충돌,정면충돌,중앙선 침범,단일로,기타단일로,이륜차,승용차,933702,1711020,126.7699616,35.39267267
2022,2022-11-25 15:00,주,금,1,0,0,0,0,전북,남원시,차대차,기타,기타,교차로 통행방법 위반,교차로,교차로내,승용차,이륜차,990248,1713245,127.3925857,35.41489321
2022,2022-11-25 15:00,주,금,1,0,0,0,0,전남,영암군,차량단독,공작물충돌,공작물충돌,안전운전 의무 불이행,기타,기타,승용차,없음,916397,1645135,126.5860806,34.79734247
2022,2022-11-25 15:00,주,금,1,0,0,0,0,경북,안동시,차대사람,차도통행중,차도통행중,안전운전 의무 불이행,단일로,기타단일로,승용차,보행자,1110161,1844003,128.7314487,36.587485
2022,2022-11-25 16:00,주,금,1,0,0,0,0,충남,아산시,차대차,추돌,추돌,안전운전 의무 불이행,교차로,교차로부근,원동기장치자전거,승용차,962404,1866036,127.0786071,36.79172558
2022,2022-11-25 17:00,주,금,1,1,0,1,0,경북,영천시,차대차,추돌,추돌,안전운전 의무 불이행,단일로,기타단일로,화물차,건설기계,1115809,1784913,128.785792,36.05422794
2022,2022-11-25 18:00,야,금,1,0,0,0,0,대전,동구,차대사람,차도통행중,차도통행중,안전운전 의무 불이행,단일로,기타단일로,승용차,보행자,998024,1806571,127.4780041,36.25638399
2022,2022-11-25 21:00,야,금,1,0,0,0,0,경기,파주시,차대차,정면충돌,정면충돌,안전운전 의무 불이행,단일로,기타단일로,이륜차,화물차,942312,1972014,126.8451975,37.74594068
2022,2022-11-25 22:00,야,금,1,0,0,0,0,인천,계양구,차대사람,횡단중,횡단중,안전운전 의무 불이행,교차로,교차로내,승용차,보행자,932771,1949828,126.738951,37.54533478
2022,2022-11-26 2:00,야,토,1,0,0,0,0,대구,수성구,차량단독,전복,전복,안전운전 의무 불이행,단일로,기타단일로,승용차,없음,1101575,1757891,128.6243308,35.81223435
2022,2022-11-26 9:00,주,토,1,0,0,0,0,경남,창원시(통합),차대사람,기타,기타,안전운전 의무 불이행,기타,기타,승합차,보행자,1098534,1694216,128.5829352,35.23851241
2022,2022-11-26 17:00,주,토,1,0,0,0,0,충북,충주시,차대사람,횡단중,횡단중,안전운전 의무 불이행,단일로,기타단일로,승용차,보행자,1028853,1886187,127.824166,36.97368284
2022,2022-11-26 18:00,야,토,1,0,0,0,0,충남,부여군,차대사람,횡단중,횡단중,안전운전 의무 불이행,단일로,기타단일로,승용차,보행자,936887,1806218,126.7975087,36.25114081
2022,2022-11-27 2:00,야,일,1,1,1,0,0,경기,광주시,차대사람,기타,기타,안전운전 의무 불이행,교차로,교차로내,승용차,보행자,970422,1928609,127.1660103,37.35605331
2022,2022-11-27 2:00,야,일,1,2,1,1,0,대구,달서구,차대차,추돌,추돌,기타,단일로,기타단일로,승용차,승용차,1090796,1762162,128.5055215,35.85179324
2022,2022-11-27 5:00,야,일,1,2,0,2,0,경기,오산시,차대차,추돌,추돌,안전운전 의무 불이행,단일로,기타단일로,이륜차,승용차,959305,1908230,127.0415969,37.17194132
2022,2022-11-27 5:00,야,일,1,0,0,0,0,울산,남구,차대사람,기타,기타,안전운전 의무 불이행,기타,기타,승용차,보행자,1161230,1728305,129.2784899,35.53761611
2022,2022-11-27 8:00,주,일,1,0,0,0,0,전북,전주시,차대사람,횡단중,횡단중,안전운전 의무 불이행,기타,기타,승용차,보행자,965945,1757549,127.1230319,35.81381796
2022,2022-11-27 9:00,주,일,1,2,0,2,0,경기,평택시,차대차,측면충돌,측면충돌,신호위반,교차로,교차로내,승용차,승합차,966720,1888244,127.1260064,36.99207896
2022,2022-11-28 0:00,야,월,2,1,0,1,0,경기,화성시,차대차,추돌,추돌,안전운전 의무 불이행,단일로,기타단일로,승용차,승용차,944597,1906799,126.8760345,37.1582861
2022,2022-11-28 5:00,야,월,1,0,0,0,0,서울,노원구,차대사람,차도통행중,차도통행중,기타,단일로,기타단일로,승용차,보행자,961116,1962623,127.0591315,37.66229128
2022,2022-11-28 6:00,주,월,1,0,0,0,0,부산,동구,차대사람,차도통행중,차도통행중,안전운전 의무 불이행,단일로,지하차도(도로)내,승용차,보행자,1140091,1681630,129.0374032,35.12011593
2022,2022-11-28 6:00,주,월,1,0,0,0,0,충북,충주시,차대사람,횡단중,횡단중,안전운전 의무 불이행,단일로,기타단일로,승용차,보행자,1038742,1887197,127.9353192,36.98243186
2022,2022-11-28 6:00,주,월,1,0,0,0,0,인천,부평구,차대사람,기타,기타,안전운전 의무 불이행,교차로,교차로부근,승합차,보행자,929708,1944970,126.704745,37.50132223
2022,2022-11-28 7:00,주,월,1,0,0,0,0,전남,광양시,차대차,추돌,추돌,안전운전 의무 불이행,단일로,기타단일로,이륜차,건설기계,1011127,1662863,127.6218791,34.96057719
2022,2022-11-28 8:00,주,월,1,3,0,3,0,전남,장흥군,차대차,측면충돌,측면충돌,기타,교차로,교차로내,승용차,승용차,948252,1619115,126.9358825,34.56482453
2022,2022-11-28 12:00,주,월,1,0,0,0,0,광주,광산구,차대사람,횡단중,횡단중,보행자 보호의무 위반,교차로,교차로횡단보도내,화물차,보행자,935872,1682907,126.7960508,35.13933777
2022,2022-11-28 18:00,야,월,1,0,0,0,0,울산,동구,차대차,측면충돌,측면충돌,안전거리 미확보,단일로,기타단일로,이륜차,승합차,1174896,1724374,129.4283152,35.49987487
2022,2022-11-28 23:00,야,월,1,0,0,0,0,서울,강남구,차대사람,횡단중,횡단중,보행자 보호의무 위반,교차로,교차로내,승용차,보행자,964835,1940731,127.1023469,37.46512106
2022,2022-11-29 0:00,야,화,1,0,0,0,0,경북,경산시,차대사람,기타,기타,안전운전 의무 불이행,교차로,교차로내,화물차,보행자,1112259,1759325,128.7427694,35.82399643
2022,2022-11-29 0:00,야,화,1,0,0,0,0,대구,북구,차량단독,공작물충돌,공작물충돌,안전운전 의무 불이행,단일로,기타단일로,승용차,없음,1099200,1770261,128.599586,35.92398645
2022,2022-11-29 3:00,야,화,1,1,0,1,0,부산,연제구,차대사람,횡단중,횡단중,신호위반,교차로,교차로횡단보도내,이륜차,보행자,1145088,1689357,129.0935812,35.18905705
2022,2022-11-29 11:00,주,화,1,0,0,0,0,전북,남원시,차량단독,공작물충돌,공작물충돌,안전운전 의무 불이행,단일로,기타단일로,화물차,없음,995144,1719405,127.4464764,35.47047248
2022,2022-11-29 12:00,주,화,1,1,0,1,0,대전,동구,차량단독,공작물충돌,공작물충돌,안전운전 의무 불이행,단일로,기타단일로,승합차,없음,1000326,1816014,127.5036328,36.34151926
2022,2022-11-29 14:00,주,화,1,0,0,0,0,충남,보령시,차량단독,기타,기타,안전운전 의무 불이행,단일로,기타단일로,자전거,없음,919849,1818876,126.6065817,36.36398095
2022,2022-11-29 20:00,야,화,1,0,0,0,0,경기,안양시,차대차,측면충돌,측면충돌,중앙선 침범,단일로,기타단일로,개인형이동장치(PM),승용차,949007,1933532,126.9238652,37.39949639
2022,2022-11-30 6:00,주,수,1,0,0,0,0,대구,동구,차대사람,횡단중,횡단중,기타,교차로,교차로횡단보도내,승용차,보행자,1109573,1764431,128.7137412,35.87032641
2022,2022-11-30 8:00,주,수,1,0,0,0,0,부산,동구,차대차,측면충돌,측면충돌,안전운전 의무 불이행,단일로,기타단일로,승합차,이륜차,1140470,1681441,129.041529,35.11835947
2022,2022-11-30 12:00,주,수,1,2,0,2,0,경기,평택시,차대차,추돌,추돌,안전운전 의무 불이행,단일로,기타단일로,화물차,승용차,966212,1900084,127.1197657,37.09878851
2022,2022-11-30 17:00,주,수,1,6,0,0,6,경기,안양시,차대차,기타,기타,안전운전 의무 불이행,교차로,교차로부근,승합차,승용차,952598,1933070,126.9644654,37.39552291
2022,2022-11-30 18:00,야,수,1,0,0,0,0,충남,보령시,차대차,기타,기타,안전운전 의무 불이행,단일로,기타단일로,화물차,화물차,915635,1818373,126.5596697,36.35908637
2022,2022-11-30 19:00,야,수,1,0,0,0,0,강원,영월군,차대사람,길가장자리구역통행중,길가장자리구역통행중,교차로 통행방법 위반,교차로,교차로부근,승용차,보행자,1086152,1910220,128.4706272,37.18679012
2022,2022-12-01 5:00,야,목,1,0,0,0,0,경기,오산시,차대사람,횡단중,횡단중,보행자 보호의무 위반,교차로,교차로횡단보도내,승용차,보행자,961609,1903593,127.0677872,37.13024123
2022,2022-12-01 8:00,주,목,1,0,0,0,0,경남,합천군,차량단독,공작물충돌,공작물충돌,안전운전 의무 불이행,단일로,기타단일로,승용차,없음,1048395,1726258,128.0338161,35.5310944
2022,2022-12-01 10:00,주,목,1,0,0,0,0,경기,여주시,차량단독,기타,기타,안전운전 의무 불이행,교차로,교차로내,자전거,없음,1011004,1921468,127.6241502,37.2920912
2022,2022-12-01 11:00,주,목,1,0,0,0,0,경남,창원시(통합),차대차,측면충돌,측면충돌,안전운전 의무 불이행,교차로,교차로부근,원동기장치자전거,승용차,1098914,1692276,128.5868776,35.22098496
2022,2022-12-01 17:00,주,목,1,0,0,0,0,충북,청주시,차대차,측면충돌,측면충돌,교차로 통행방법 위반,교차로,교차로내,승용차,이륜차,994492,1849593,127.4383816,36.64422477
2022,2022-12-01 18:00,야,목,1,0,0,0,0,경기,이천시,차대사람,기타,기타,안전운전 의무 불이행,단일로,기타단일로,승용차,보행자,986147,1917567,127.3437794,37.25688959
2022,2022-12-01 19:00,야,목,1,0,0,0,0,광주,남구,차대차,기타,기타,기타,기타,기타,승용차,자전거,945673,1683552,126.9035907,35.14573077
2022,2022-12-01 23:00,야,목,1,0,0,0,0,전북,완주군,차량단독,공작물충돌,공작물충돌,안전운전 의무 불이행,교차로,교차로부근,승용차,없음,970264,1771773,127.1703088,35.94220165
2022,2022-12-02 4:00,야,금,1,0,0,0,0,대전,중구,차대사람,기타,기타,안전운전 의무 불이행,단일로,기타단일로,승용차,보행자,992612,1813181,127.4176978,36.31595022
2022,2022-12-02 6:00,주,금,1,0,0,0,0,부산,기장군,차대사람,횡단중,횡단중,기타,교차로,교차로내,승용차,보행자,1155843,1689264,129.2116464,35.18660709
2022,2022-12-02 7:00,주,금,2,0,0,0,0,전북,완주군,차대차,기타,기타,중앙선 침범,단일로,기타단일로,승용차,승용차,970406,1766045,127.1720964,35.89056276
2022,2022-12-02 10:00,주,금,1,0,0,0,0,충북,충주시,차량단독,공작물충돌,공작물충돌,안전운전 의무 불이행,단일로,지하차도(도로)내,이륜차,없음,1036680,1885634,127.9120744,36.96842531
2022,2022-12-02 12:00,주,금,1,0,0,0,0,서울,금천구,차대사람,기타,기타,안전운전 의무 불이행,교차로,교차로내,승용차,보행자,947224,1942266,126.9030964,37.47811842
2022,2022-12-02 13:00,주,금,1,0,0,0,0,충남,서천군,차량단독,전도,전도,안전운전 의무 불이행,단일로,기타단일로,농기계,없음,932555,1793634,126.7503763,36.13740474
2022,2022-12-02 16:00,주,금,1,0,0,0,0,서울,강남구,차대사람,기타,기타,안전운전 의무 불이행,교차로,교차로내,승용차,보행자,959767,1946890,127.0447016,37.5204278
2022,2022-12-02 18:00,야,금,1,0,0,0,0,경남,밀양시,차대사람,횡단중,횡단중,기타,교차로,교차로내,승용차,보행자,1112598,1708390,128.7394222,35.36480779
2022,2022-12-02 19:00,야,금,1,1,1,0,0,전북,익산시,차대차,측면충돌,측면충돌,기타,교차로,교차로내,화물차,승용차,947631,1778468,126.9189375,36.00160909
2022,2022-12-03 0:00,야,토,1,0,0,0,0,대구,달서구,차대사람,기타,기타,안전운전 의무 불이행,단일로,기타단일로,승용차,보행자,1090555,1762986,128.5029464,35.85924372
2022,2022-12-03 7:00,주,토,1,0,0,0,0,제주,서귀포시,차대차,측면충돌,측면충돌,신호위반,교차로,교차로내,농기계,승합차,927055,1477091,126.7166383,33.28274108
2022,2022-12-03 7:00,주,토,1,0,0,0,0,인천,중구,차대사람,횡단중,횡단중,신호위반,단일로,기타단일로,승용차,보행자,923106,1940327,126.6305452,37.45895005
2022,2022-12-03 14:00,주,토,1,2,0,2,0,전북,순창군,차량단독,공작물충돌,공작물충돌,안전운전 의무 불이행,단일로,기타단일로,승용차,없음,968364,1717640,127.1513743,35.45406639
2022,2022-12-03 16:00,주,토,1,0,0,0,0,경남,창원시(통합),차량단독,공작물충돌,공작물충돌,안전운전 의무 불이행,단일로,기타단일로,승용차,없음,1116776,1680225,128.7814012,35.11042504
2022,2022-12-03 20:00,야,토,1,0,0,0,0,충남,예산군,차대사람,기타,기타,안전운전 의무 불이행,단일로,기타단일로,승용차,보행자,935081,1838943,126.7746718,36.54602454
2022,2022-12-03 23:00,야,토,1,1,0,0,1,강원,영월군,차대차,측면충돌,측면충돌,기타,단일로,교량위,승용차,승용차,1093182,1910445,128.5498468,37.18814268
2022,2022-12-03 23:00,야,토,1,3,1,2,0,경북,상주시,차대차,정면충돌,정면충돌,안전운전 의무 불이행,단일로,기타단일로,승합차,승합차,1065585,1822977,128.231415,36.4020537
2022,2022-12-04 12:00,주,일,1,0,0,0,0,경남,남해군,차량단독,공작물충돌,공작물충돌,안전운전 의무 불이행,단일로,기타단일로,이륜차,없음,1040714,1639173,127.9448021,34.74619773
2022,2022-12-04 13:00,주,일,1,2,0,2,0,충북,청주시,차대사람,기타,기타,기타,교차로,교차로부근,승용차,보행자,999329,1847626,127.4924952,36.626508
2022,2022-12-04 17:00,주,일,1,0,0,0,0,전북,완주군,차대사람,횡단중,횡단중,보행자 보호의무 위반,단일로,기타단일로,승용차,보행자,968555,1770868,127.1513968,35.93398875
2022,2022-12-04 19:00,야,일,2,0,0,0,0,대전,동구,차대차,측면충돌,측면충돌,안전운전 의무 불이행,교차로,교차로부근,이륜차,이륜차,995373,1815749,127.44844,36.33911911
2022,2022-12-04 21:00,야,일,1,0,0,0,0,경기,시흥시,차량단독,공작물충돌,공작물충돌,안전운전 의무 불이행,단일로,지하차도(도로)내,이륜차,없음,939905,1934927,126.8209206,37.41152399
2022,2022-12-04 21:00,야,일,1,0,0,0,0,경북,구미시,차량단독,공작물충돌,공작물충돌,안전운전 의무 불이행,교차로,교차로내,승용차,없음,1076863,1797203,128.3546402,36.16887739
2022,2022-12-04 22:00,야,일,1,0,0,0,0,서울,은평구,차대사람,기타,기타,안전운전 의무 불이행,단일로,기타단일로,승용차,보행자,950036,1956849,126.933906,37.60971371
2022,2022-12-05 1:00,야,월,1,0,0,0,0,경북,예천군,차량단독,공작물충돌,공작물충돌,안전운전 의무 불이행,단일로,기타단일로,화물차,없음,1087497,1854299,128.479308,36.68263786
2022,2022-12-05 6:00,주,월,1,0,0,0,0,강원,양양군,차대사람,차도통행중,차도통행중,안전운전 의무 불이행,단일로,기타단일로,승용차,보행자,1112978,1994581,128.7858031,37.94413262
2022,2022-12-05 14:00,주,월,1,5,0,5,0,대전,서구,차대차,정면충돌,정면충돌,중앙선 침범,단일로,기타단일로,승용차,승합차,987085,1812070,127.3561457,36.30587582
2022,2022-12-05 15:00,주,월,1,0,0,0,0,서울,강북구,차대사람,기타,기타,안전운전 의무 불이행,단일로,기타단일로,이륜차,보행자,957992,1959244,127.023907,37.63169822
2022,2022-12-05 17:00,주,월,1,0,0,0,0,경기,광명시,차대차,측면충돌,측면충돌,안전운전 의무 불이행,단일로,기타단일로,승용차,승용차,943557,1939034,126.861872,37.44877109
2022,2022-12-05 20:00,야,월,1,0,0,0,0,충남,계룡시,차량단독,공작물충돌,공작물충돌,안전운전 의무 불이행,교차로,교차로부근,화물차,없음,975948,1807684,127.2322318,36.26612059
2022,2022-12-05 21:00,야,월,1,0,0,0,0,경북,영주시,차량단독,공작물충돌,공작물충돌,안전운전 의무 불이행,교차로,교차로내,승용차,없음,1101088,1871022,128.6336158,36.83201476
2022,2022-12-05 22:00,야,월,1,0,0,0,0,충남,홍성군,차대사람,기타,기타,안전운전 의무 불이행,단일로,기타단일로,승용차,보행자,926325,1849776,126.6758134,36.64303928
2022,2022-12-06 6:00,주,화,1,3,1,2,0,전남,해남군,차대차,추돌,추돌,기타,단일로,기타단일로,승용차,화물차,917231,1602607,126.5993468,34.41393968
2022,2022-12-06 7:00,주,화,1,0,0,0,0,경기,안산시,차량단독,전복,전복,안전운전 의무 불이행,단일로,기타단일로,화물차,없음,944043,1928334,126.8681765,37.35235865
2022,2022-12-06 14:00,주,화,1,0,0,0,0,경북,영천시,차대사람,횡단중,횡단중,안전운전 의무 불이행,교차로,교차로내,화물차,보행자,1123780,1771406,128.872159,35.93150275
2022,2022-12-06 15:00,주,화,1,4,2,2,0,경기,화성시,차대차,기타,기타,안전운전 의무 불이행,교차로,교차로내,화물차,승용차,931625,1912433,126.7294351,37.20820805
2022,2022-12-06 15:00,주,화,1,0,0,0,0,강원,강릉시,차량단독,기타,기타,안전운전 의무 불이행,기타,기타,승용차,없음,1120825,1972776,128.8714429,37.74664801
2022,2022-12-06 17:00,주,화,1,0,0,0,0,충남,보령시,차대사람,횡단중,횡단중,안전운전 의무 불이행,단일로,기타단일로,승용차,보행자,917915,1824673,126.5844139,36.41607315
2022,2022-12-06 17:00,주,화,1,0,0,0,0,경북,봉화군,차량단독,전도,전도,안전운전 의무 불이행,단일로,기타단일로,화물차,없음,1112933,1886634,128.768747,36.97137531
2022,2022-12-06 19:00,야,화,1,0,0,0,0,경남,남해군,차대사람,차도통행중,차도통행중,안전운전 의무 불이행,단일로,기타단일로,화물차,보행자,1034609,1655274,127.8787701,34.89161405
2022,2022-12-06 20:00,야,화,1,0,0,0,0,서울,동대문구,차대차,측면충돌,측면충돌,안전운전 의무 불이행,교차로,교차로내,화물차,이륜차,962045,1955716,127.0700231,37.60007593
2022,2022-12-06 23:00,야,화,1,0,0,0,0,경북,청도군,차량단독,기타,기타,안전운전 의무 불이행,단일로,기타단일로,승용차,없음,1120283,1746801,128.8296982,35.7101557
2022,2022-12-07 5:00,야,수,1,1,0,1,0,대전,대덕구,차대차,추돌,추돌,기타,단일로,고가도로위,화물차,화물차,991496,1825907,127.4051264,36.43067059
2022,2022-12-07 6:00,주,수,1,0,0,0,0,세종,세종시,차대차,측면충돌,측면충돌,기타,교차로,교차로내,승용차,승용차,976839,1834628,127.2413477,36.50904975
2022,2022-12-07 7:00,주,수,1,0,0,0,0,경기,시흥시,차대사람,횡단중,횡단중,안전운전 의무 불이행,단일로,기타단일로,승용차,보행자,933128,1932177,126.7445945,37.3862735
2022,2022-12-07 8:00,주,수,1,0,0,0,0,전남,나주시,차대차,측면충돌,측면충돌,안전운전 의무 불이행,교차로,교차로내,자전거,승용차,939815,1673034,126.8400491,35.05055959
2022,2022-12-07 10:00,주,수,1,0,0,0,0,경기,평택시,차대사람,횡단중,횡단중,보행자 보호의무 위반,교차로,교차로내,승합차,보행자,961189,1897051,127.0633975,37.07125422
2022,2022-12-08 1:00,야,목,1,0,0,0,0,전남,여수시,차량단독,공작물충돌,공작물충돌,안전운전 의무 불이행,단일로,기타단일로,이륜차,없음,1023633,1635677,127.7580957,34.71521026
2022,2022-12-08 6:00,주,목,1,0,0,0,0,전북,완주군,차대차,추돌,추돌,안전운전 의무 불이행,단일로,기타단일로,승용차,자전거,972850,1781518,127.1986462,36.03013634
2022,2022-12-08 9:00,주,목,1,0,0,0,0,경기,파주시,차대사람,횡단중,횡단중,신호위반,단일로,기타단일로,승합차,보행자,937727,1979500,126.792515,37.81310803
2022,2022-12-08 11:00,주,목,1,1,0,0,1,경기,안산시,차대차,추돌,추돌,안전운전 의무 불이행,단일로,기타단일로,화물차,특수차,939639,1928132,126.8184695,37.35026194
2022,2022-12-08 13:00,주,목,1,0,0,0,0,경기,이천시,차량단독,기타,기타,안전운전 의무 불이행,단일로,기타단일로,원동기장치자전거,없음,1001534,1919900,127.5173038,37.2780211
2022,2022-12-08 17:00,주,목,1,0,0,0,0,경북,성주군,차량단독,공작물충돌,공작물충돌,안전운전 의무 불이행,단일로,기타단일로,승용차,없음,1079978,1765460,128.386062,35.88246772
2022,2022-12-09 1:00,야,금,1,0,0,0,0,서울,금천구,차대사람,기타,기타,안전운전 의무 불이행,교차로,교차로내,승용차,보행자,946799,1941528,126.8983431,37.47144229
2022,2022-12-09 2:00,야,금,1,0,0,0,0,서울,동대문구,차량단독,전복,전복,안전운전 의무 불이행,단일로,지하차도(도로)내,이륜차,없음,960098,1952418,127.0481467,37.5702678
2022,2022-12-09 3:00,야,금,1,0,0,0,0,울산,울주군,차대사람,차도통행중,차도통행중,안전운전 의무 불이행,단일로,지하차도(도로)내,승용차,보행자,1148309,1730897,129.1364904,35.56299514
2022,2022-12-09 5:00,야,금,1,0,0,0,0,경기,성남시,차대사람,횡단중,횡단중,기타,기타,기타,승용차,보행자,967559,1931481,127.1335564,37.38184492
2022,2022-12-09 6:00,주,금,1,0,0,0,0,부산,서구,차대사람,횡단중,횡단중,안전운전 의무 불이행,단일로,기타단일로,원동기장치자전거,보행자,1138284,1680581,129.0174035,35.11091002
2022,2022-12-09 6:00,주,금,1,0,0,0,0,충남,천안시,차대사람,기타,기타,안전운전 의무 불이행,단일로,기타단일로,화물차,보행자,970477,1865187,127.1691242,36.78435833
2022,2022-12-09 6:00,주,금,1,0,0,0,0,경기,고양시,차대사람,횡단중,횡단중,안전운전 의무 불이행,교차로,교차로횡단보도내,화물차,보행자,936168,1961969,126.7763439,37.65500068
2022,2022-12-09 10:00,주,금,1,1,1,0,0,경북,울진군,차대차,정면충돌,정면충돌,중앙선 침범,단일로,기타단일로,승용차,승용차,1170717,1860296,129.4117287,36.72537081
2022,2022-12-09 11:00,주,금,1,0,0,0,0,충남,공주시,차대차,측면충돌,측면충돌,교차로 통행방법 위반,교차로,교차로내,이륜차,화물차,967709,1830674,127.1395545,36.47313971
2022,2022-12-09 12:00,주,금,1,0,0,0,0,경북,영주시,차대사람,기타,기타,안전운전 의무 불이행,기타,기타,화물차,보행자,1098258,1869681,128.6017118,36.82022663
2022,2022-12-09 12:00,주,금,1,1,0,1,0,광주,광산구,차대사람,차도통행중,차도통행중,안전운전 의무 불이행,단일로,기타단일로,승합차,보행자,928983,1685032,126.7202516,35.15803472
2022,2022-12-09 18:00,야,금,1,0,0,0,0,전남,보성군,차대사람,횡단중,횡단중,안전운전 의무 불이행,교차로,교차로내,승용차,보행자,989309,1645612,127.3831171,34.80501932
2022,2022-12-10 4:00,야,토,2,2,2,0,0,경기,양평군,차량단독,공작물충돌,공작물충돌,안전운전 의무 불이행,단일로,기타단일로,승용차,없음,988531,1947520,127.370199,37.52691263
2022,2022-12-10 5:00,야,토,1,0,0,0,0,경기,성남시,차대사람,횡단중,횡단중,안전운전 의무 불이행,교차로,교차로부근,승용차,보행자,966739,1932238,127.1242601,37.38863918
2022,2022-12-10 6:00,주,토,1,0,0,0,0,충남,공주시,차대사람,기타,기타,기타,단일로,기타단일로,승합차,보행자,967370,1828832,127.1358482,36.45652248
2022,2022-12-10 9:00,주,토,1,0,0,0,0,전북,진안군,차량단독,도로이탈,도로이탈 추락,중앙선 침범,단일로,기타단일로,건설기계,없음,1002693,1771123,127.529856,35.93679028
2022,2022-12-10 18:00,야,토,1,0,0,0,0,충남,천안시,차대차,기타,기타,안전운전 의무 불이행,교차로,교차로내,화물차,이륜차,980519,1863380,127.2817141,36.76832856
2022,2022-12-10 18:00,야,토,1,2,0,2,0,경북,안동시,차대차,추돌,추돌,안전운전 의무 불이행,단일로,기타단일로,화물차,승합차,1105339,1842559,128.6773582,36.57501467
2022,2022-12-10 22:00,야,토,1,0,0,0,0,대전,서구,차대사람,기타,기타,안전운전 의무 불이행,교차로,교차로내,승용차,보행자,987277,1817330,127.3581984,36.35329947
2022,2022-12-10 22:00,야,토,1,2,0,2,0,경기,의정부시,차대차,기타,기타,신호위반,교차로,교차로내,이륜차,승용차,963030,1973109,127.0802993,37.7568818
2022,2022-12-11 4:00,야,일,1,0,0,0,0,인천,연수구,차량단독,공작물충돌,공작물충돌,안전운전 의무 불이행,단일로,기타단일로,승용차,없음,926663,1937014,126.6710904,37.42937968
2022,2022-12-11 9:00,주,일,1,0,0,0,0,충남,예산군,차대사람,기타,기타,안전운전 의무 불이행,단일로,기타단일로,건설기계,보행자,939493,1854596,126.8227301,36.68741629
2022,2022-12-11 12:00,주,일,1,0,0,0,0,전남,무안군,차량단독,전도,전도,안전운전 의무 불이행,단일로,기타단일로,승용차,없음,908292,1665831,126.4952216,34.98324459
2022,2022-12-11 13:00,주,일,1,0,0,0,0,전북,익산시,차대사람,차도통행중,차도통행중,안전운전 의무 불이행,교차로,교차로부근,승합차,보행자,949948,1770835,126.9451265,35.93291502
2022,2022-12-11 17:00,주,일,1,0,0,0,0,경기,이천시,차대차,측면충돌,측면충돌,안전운전 의무 불이행,단일로,기타단일로,화물차,이륜차,1001229,1919809,127.5138632,37.27720128
2022,2022-12-11 17:00,주,일,1,0,0,0,0,광주,북구,차대차,기타,기타,안전운전 의무 불이행,교차로,교차로내,승용차,이륜차,944227,1685553,126.887582,35.163694